dataset_index,actual_0_pixels,actual_0_mean_probability,actual_0_max_probability,actual_0_min_probability,actual_1_pixels,actual_1_mean_probability,actual_1_max_probability,actual_1_min_probability,actual_2_pixels,actual_2_mean_probability,actual_2_max_probability,actual_2_min_probability,actual_3_pixels,actual_3_mean_probability,actual_3_max_probability,actual_3_min_probability,actual_4_pixels,actual_4_mean_probability,actual_4_max_probability,actual_4_min_probability
0,64652,0.8844433426856995,0.999976396560669,0.015029369853436947,674,0.4341452717781067,0.5685861110687256,0.16980798542499542,145,0.16200856864452362,0.25197210907936096,0.02863365411758423,65,0.2504971921443939,0.3848697543144226,0.03763261064887047,0,,,
1,56085,0.7179088592529297,0.9999314546585083,0.009823985397815704,5899,0.41569218039512634,0.5468015074729919,0.017274223268032074,2429,0.1973142772912979,0.31311652064323425,0.05839824676513672,950,0.2972559332847595,0.4249023199081421,0.025417912751436234,173,0.1440163254737854,0.4512481689453125,0.012091104872524738
2,58892,0.8229499459266663,0.9997863173484802,0.005711290519684553,4236,0.3487197756767273,0.6192445158958435,0.001606647507287562,1177,0.10527367889881134,0.2877165377140045,0.0023048995062708855,1231,0.21425341069698334,0.42456531524658203,0.0031861260067671537,0,,,
3,64326,0.95824134349823,0.9999834299087524,0.009174288250505924,1198,0.37680307030677795,0.9860164523124695,0.012850400060415268,0,,,,0,,,,12,0.08347585052251816,0.10903344303369522,0.059456899762153625
4,50783,0.5868794322013855,0.992950439453125,0.03573756292462349,971,0.38834327459335327,0.5444284677505493,0.047250933945178986,0,,,,0,,,,13782,0.6662127375602722,0.9060196876525879,0.008960247039794922
5,62711,0.8398304581642151,0.9999699592590332,0.005563153885304928,2186,0.40964624285697937,0.5812515020370483,0.07869990170001984,398,0.1546660214662552,0.2741863429546356,0.007026204839348793,241,0.19876566529273987,0.3504672944545746,0.013016290962696075,0,,,
6,60170,0.7938188314437866,0.9992751479148865,0.007968196645379066,3852,0.43797415494918823,0.5269680023193359,0.20253977179527283,1060,0.22067822515964508,0.3002866804599762,0.06546669453382492,438,0.3091018795967102,0.4089636206626892,0.2202908843755722,16,0.15227225422859192,0.24098773300647736,0.05427459999918938
7,65536,0.9139800071716309,0.9973421692848206,0.10239509493112564,0,,,,0,,,,0,,,,0,,,
8,65536,0.852222740650177,0.9997770190238953,0.035425230860710144,0,,,,0,,,,0,,,,0,,,
9,65536,0.7539966106414795,0.9999610185623169,0.05367596074938774,0,,,,0,,,,0,,,,0,,,
10,59240,0.8070859909057617,0.9999463558197021,0.012338167987763882,2894,0.40769192576408386,0.6613265872001648,0.008267791010439396,1819,0.20445667207241058,0.32861050963401794,0.002144741825759411,1303,0.28643184900283813,0.4281948506832123,0.010210104286670685,280,0.08635924756526947,0.2799362242221832,0.0147461649030447
11,62683,0.8806309103965759,0.9994712471961975,0.017787855118513107,1751,0.3806171119213104,0.5368696451187134,0.044157493859529495,425,0.11769533157348633,0.23193979263305664,0.0014544997829943895,375,0.3095771372318268,0.42839354276657104,0.031979355961084366,302,0.05586842820048332,0.2310088723897934,0.010413176380097866
12,47481,0.5096926689147949,0.9655821323394775,0.018317293375730515,5028,0.42280590534210205,0.862708330154419,0.03515128791332245,75,0.11165723204612732,0.14553068578243256,0.08063294738531113,0,,,,12952,0.6349277496337891,0.9092020392417908,0.014924422837793827
13,65536,0.9768123626708984,0.999504804611206,0.2926478087902069,0,,,,0,,,,0,,,,0,,,
14,61125,0.8733594417572021,0.9997808337211609,0.026831012219190598,4411,0.36402082443237305,0.8444139361381531,0.020551493391394615,0,,,,0,,,,0,,,
15,54064,0.8044167160987854,0.9955515265464783,0.049049779772758484,1186,0.2940323054790497,0.49079933762550354,0.011585348285734653,33,0.16456495225429535,0.21023184061050415,0.0890471488237381,0,,,,10253,0.6008186340332031,0.9301706552505493,0.003491814248263836
16,65536,0.9021244645118713,0.9771665334701538,0.5199546217918396,0,,,,0,,,,0,,,,0,,,
17,60839,0.9100778698921204,0.9999344348907471,0.010912149213254452,2722,0.426601380109787,0.8954059481620789,0.00393010675907135,0,,,,389,0.2267143875360489,0.3869174122810364,0.03722948580980301,1586,0.34643933176994324,0.9756609797477722,0.00045852476614527404
18,65536,0.8246392011642456,0.998806357383728,0.0407424122095108,0,,,,0,,,,0,,,,0,,,
19,61530,0.7183037400245667,0.9953887462615967,0.04762870818376541,2261,0.30831196904182434,0.5332471132278442,0.04258827865123749,97,0.03965233638882637,0.09061514586210251,0.013538487255573273,200,0.1549336463212967,0.3204744756221771,0.010915382765233517,1448,0.505211591720581,0.8968448638916016,0.03742741048336029
20,65185,0.9559870362281799,0.9994754195213318,0.1333480328321457,351,0.28652557730674744,0.4379100799560547,0.10075070708990097,0,,,,0,,,,0,,,
21,65536,0.9234886169433594,0.9997536540031433,0.02642993815243244,0,,,,0,,,,0,,,,0,,,
22,62641,0.8229743838310242,0.999477207660675,0.012644403614103794,254,0.3784492313861847,0.5113791823387146,0.10770191252231598,65,0.13850724697113037,0.19336962699890137,0.03926793485879898,0,,,,2576,0.4229504466056824,0.9419518709182739,0.002717318944633007
23,62818,0.9758970141410828,0.9999192953109741,0.03946975618600845,1800,0.36425086855888367,0.8501363396644592,0.004356995224952698,918,0.13418856263160706,0.2174965739250183,0.00035192249924875796,0,,,,0,,,
24,65185,0.8650013208389282,0.9997990727424622,0.07567368447780609,0,,,,0,,,,0,,,,351,0.6607632040977478,0.9449656009674072,0.008011735044419765
25,65179,0.9815797209739685,0.9999829530715942,0.04714588075876236,0,,,,0,,,,357,0.1909196972846985,0.39932751655578613,0.0027921569999307394,0,,,
26,64421,0.892634928226471,0.9999222755432129,0.015596069395542145,743,0.4823310971260071,0.8679224252700806,0.24710611999034882,327,0.22639115154743195,0.29539817571640015,0.14424777030944824,45,0.34798023104667664,0.3924243748188019,0.23844552040100098,0,,,
27,65385,0.8355583548545837,0.9992893934249878,0.07869983464479446,50,0.13062304258346558,0.2159925103187561,0.045717209577560425,0,,,,0,,,,101,0.31907570362091064,0.5176537036895752,0.07778195291757584
28,64865,0.7819193005561829,0.9994066953659058,0.03519442677497864,11,0.22735442221164703,0.2524777352809906,0.20747379958629608,0,,,,0,,,,660,0.43543073534965515,0.9479881525039673,0.011875014752149582
29,65297,0.8098033666610718,0.9946815371513367,0.04279588907957077,239,0.35876911878585815,0.5370336771011353,0.03226368501782417,0,,,,0,,,,0,,,
30,64672,0.9493128061294556,0.9999865293502808,0.046743690967559814,95,0.2886936068534851,0.3887595236301422,0.027651749551296234,631,0.16793252527713776,0.26452940702438354,0.0025289393961429596,124,0.1972998082637787,0.35698652267456055,0.03834329545497894,14,0.1116853728890419,0.24233750998973846,0.00398421473801136
31,62022,0.758593738079071,0.9992369413375854,0.010448084212839603,0,,,,3277,0.22429214417934418,0.3221602141857147,0.062215305864810944,215,0.30534109473228455,0.38470330834388733,0.1871214061975479,22,0.17621015012264252,0.2757771611213684,0.09116455912590027
32,44502,0.6137549877166748,0.9999322891235352,0.008644625544548035,13034,0.5271397233009338,0.9610407948493958,0.01968192495405674,0,,,,108,0.19315119087696075,0.320026159286499,0.10586712509393692,7892,0.4535083770751953,0.967044472694397,0.0040544490329921246
33,65518,0.9918995499610901,0.99982750415802,0.03154076263308525,0,,,,0,,,,18,0.3634742498397827,0.41488540172576904,0.29475662112236023,0,,,
34,63601,0.9556176066398621,0.9999904632568359,0.0211300328373909,1935,0.3580823838710785,0.6100152134895325,0.03340292349457741,0,,,,0,,,,0,,,
35,53422,0.791679859161377,0.9999226331710815,0.025678524747490883,4442,0.2689441740512848,0.731725811958313,0.0025562241207808256,1575,0.12893256545066833,0.262432336807251,0.0010787792271003127,6097,0.2747366726398468,0.44387006759643555,0.0034948510583490133,0,,,
36,56365,0.6305736303329468,0.9988477230072021,0.004733487032353878,6041,0.42513883113861084,0.6907116174697876,0.055141203105449677,2791,0.19703295826911926,0.30932119488716125,0.02876189351081848,339,0.32600659132003784,0.43507638573646545,0.13055256009101868,0,,,
37,65034,0.9298635721206665,0.9998892545700073,0.029952581971883774,493,0.35124239325523376,0.4621603190898895,0.07369547337293625,0,,,,9,0.19385817646980286,0.23096929490566254,0.15341737866401672,0,,,
38,65536,0.8676149845123291,0.9991610050201416,0.04124777391552925,0,,,,0,,,,0,,,,0,,,
39,64048,0.949159562587738,0.9997046589851379,0.05037316307425499,0,,,,178,0.14954565465450287,0.20624028146266937,0.08972375094890594,1051,0.37611687183380127,0.5126354694366455,0.0750487819314003,259,0.1258637011051178,0.5580892562866211,0.015827637165784836
40,65491,0.9148582816123962,0.999895453453064,0.037102703005075455,0,,,,12,0.15007635951042175,0.18053489923477173,0.09737326204776764,16,0.14049500226974487,0.18157458305358887,0.09166475385427475,17,0.17896808683872223,0.3091790974140167,0.058126725256443024
41,62855,0.7924142479896545,0.9988603591918945,0.03127020597457886,2681,0.38737526535987854,0.6391199827194214,0.04022357985377312,0,,,,0,,,,0,,,
42,62595,0.7616041898727417,0.9966386556625366,0.03113577514886856,2941,0.31309404969215393,0.5991033315658569,0.05377420037984848,0,,,,0,,,,0,,,
43,64502,0.9545153379440308,0.9999784231185913,0.025262868031859398,961,0.37277892231941223,0.5820488929748535,0.0003662506933324039,0,,,,73,0.30270588397979736,0.3456934094429016,0.1905580312013626,0,,,
44,65536,0.94999098777771,0.9984170198440552,0.14480751752853394,0,,,,0,,,,0,,,,0,,,
45,65536,0.9037463068962097,0.9979339838027954,0.05875525251030922,0,,,,0,,,,0,,,,0,,,
46,65008,0.9771246910095215,0.9999890327453613,0.02886604331433773,391,0.23446239531040192,0.5143823623657227,0.0004768366925418377,137,0.12436363846063614,0.213521346449852,0.01663110964000225,0,,,,0,,,
47,65406,0.9788791537284851,0.9992511868476868,0.03859999403357506,0,,,,0,,,,130,0.2996586859226227,0.38584673404693604,0.039612021297216415,0,,,
48,45811,0.7106918096542358,0.9999191761016846,0.018814923241734505,461,0.36342573165893555,0.45039594173431396,0.1703452616930008,5563,0.1565672755241394,0.28042203187942505,0.006976856384426355,13701,0.3216705024242401,0.5016438961029053,0.00609204825013876,0,,,
49,65451,0.9187671542167664,0.9994660019874573,0.04280601441860199,8,0.24861712753772736,0.3132442235946655,0.17338429391384125,60,0.11973216384649277,0.22831670939922333,0.03360539674758911,17,0.029272761195898056,0.05248266085982323,0.00979898776859045,0,,,
50,65224,0.9427005648612976,0.9992018342018127,0.05602973327040672,294,0.32423079013824463,0.5015316605567932,0.03520527109503746,0,,,,0,,,,18,0.25243353843688965,0.5535765290260315,0.02703823894262314
51,48580,0.7401768565177917,0.9998581409454346,0.029759598895907402,16956,0.40078306198120117,0.9017279148101807,0.01219932921230793,0,,,,0,,,,0,,,
52,62924,0.8692648410797119,0.9993997812271118,0.011683624237775803,1813,0.41674259305000305,0.5437613725662231,0.024544309824705124,514,0.22620564699172974,0.2882789373397827,0.13608069717884064,241,0.2793255150318146,0.4437793791294098,0.02082054689526558,44,0.04043533653020859,0.0867057740688324,0.009683644399046898
53,65536,0.9747044444084167,0.9994944334030151,0.1292303502559662,0,,,,0,,,,0,,,,0,,,
54,48203,0.7019051313400269,0.9995009899139404,0.0195279810577631,17333,0.3130165934562683,0.8143149614334106,0.0021208408288657665,0,,,,0,,,,0,,,
55,63172,0.8574000597000122,0.9997099041938782,0.016960863023996353,2364,0.4883190095424652,0.868870735168457,0.056783583015203476,0,,,,0,,,,0,,,
56,61312,0.7685277462005615,0.9999010562896729,0.033954277634620667,506,0.3385913074016571,0.5112500190734863,0.0581456795334816,235,0.07816194742918015,0.14543721079826355,0.030975813046097755,3483,0.3125411570072174,0.4787614941596985,0.010089833289384842,0,,,
57,56116,0.8698393106460571,0.9999576807022095,0.05061067268252373,9420,0.2562040388584137,0.6336140632629395,0.035252347588539124,0,,,,0,,,,0,,,
58,60401,0.8501695990562439,0.9999526739120483,0.04290147125720978,855,0.29740405082702637,0.7336441278457642,0.04371222108602524,4233,0.12200264632701874,0.2509929835796356,0.0007481687352992594,47,0.27940529584884644,0.34245121479034424,0.21334360539913177,0,,,
59,56810,0.8196414113044739,0.9963811039924622,0.028750695288181305,8726,0.29670074582099915,0.6215459704399109,0.004998239688575268,0,,,,0,,,,0,,,
60,65536,0.8744776844978333,0.9969810843467712,0.04707148298621178,0,,,,0,,,,0,,,,0,,,
61,63334,0.8536190390586853,0.9994919300079346,0.01194824930280447,2202,0.39336514472961426,0.9276667237281799,0.06507202237844467,0,,,,0,,,,0,,,
62,58555,0.6545717120170593,0.9993593096733093,0.018220167607069016,6981,0.4119386374950409,0.7418860793113708,0.05414336919784546,0,,,,0,,,,0,,,
63,55615,0.49445027112960815,0.997982382774353,0.032919902354478836,9921,0.38780805468559265,0.8323222994804382,0.0072895376943051815,0,,,,0,,,,0,,,
64,62751,0.8375481367111206,0.9995645880699158,0.037910666316747665,272,0.23213498294353485,0.38456857204437256,0.0490751750767231,0,,,,0,,,,2513,0.7099292874336243,0.9499726295471191,0.002602949505671859
65,43714,0.6344997882843018,0.9982950091362,0.03158077225089073,21822,0.4825548827648163,0.924110472202301,0.02556883916258812,0,,,,0,,,,0,,,
66,65536,0.718725860118866,0.9980626702308655,0.0194694846868515,0,,,,0,,,,0,,,,0,,,
67,62803,0.6387813091278076,0.9932469129562378,0.018532978370785713,2733,0.3778367042541504,0.53055739402771,0.17050334811210632,0,,,,0,,,,0,,,
68,59715,0.7816488742828369,0.9999719858169556,0.017819074913859367,4949,0.4053875803947449,0.7279965877532959,0.007924237288534641,872,0.13357019424438477,0.27582553029060364,0.0014899787493050098,0,,,,0,,,
69,45312,0.598462700843811,0.9998703002929688,0.03186933696269989,20224,0.5219085216522217,0.9183813333511353,0.012826004065573215,0,,,,0,,,,0,,,
70,65371,0.9778026342391968,0.9999408721923828,0.03590355068445206,0,,,,165,0.09926258772611618,0.19334594905376434,0.0055848839692771435,0,,,,0,,,
71,65536,0.8754890561103821,0.9976564645767212,0.06480105966329575,0,,,,0,,,,0,,,,0,,,
72,60505,0.7028539776802063,0.9979605674743652,0.019751131534576416,4769,0.40350455045700073,0.6855002045631409,0.15743008255958557,0,,,,97,0.14542198181152344,0.40171608328819275,0.039736490696668625,165,0.3298509120941162,0.9099493026733398,0.0133749321103096
73,60837,0.7513360977172852,0.9996848106384277,0.012027395889163017,4542,0.4251439869403839,0.5751972198486328,0.09454023838043213,157,0.1891600489616394,0.25333279371261597,0.1279989778995514,0,,,,0,,,
74,64182,0.883418619632721,0.9999899864196777,0.031512901186943054,0,,,,1030,0.15771840512752533,0.33211472630500793,0.00043552281567826867,261,0.2283509373664856,0.4341030716896057,0.00118857657071203,63,0.06429886072874069,0.27133679389953613,0.004130643326789141
75,65536,0.9564056396484375,0.9995542168617249,0.057900115847587585,0,,,,0,,,,0,,,,0,,,
76,64902,0.742094099521637,0.9982120990753174,0.025772010907530785,257,0.3688567578792572,0.4542786478996277,0.1123238354921341,0,,,,20,0.151153564453125,0.2248876690864563,0.06762510538101196,357,0.13081227242946625,0.45348691940307617,0.016459941864013672
77,65151,0.8103914260864258,0.9998329877853394,0.02169000543653965,0,,,,99,0.14950931072235107,0.2468177229166031,0.04390419274568558,52,0.1462460160255432,0.25213444232940674,0.056807078421115875,234,0.14690561592578888,0.5123055577278137,0.007939803414046764
78,57106,0.8765748739242554,0.9999663829803467,0.02536977082490921,8430,0.32034432888031006,0.4779945909976959,0.005990453530102968,0,,,,0,,,,0,,,
79,59315,0.7684072852134705,0.9971837401390076,0.02177094854414463,6221,0.4062904715538025,0.9366458058357239,0.015108723193407059,0,,,,0,,,,0,,,
80,63335,0.9044488668441772,0.9994376301765442,0.018888209015130997,1887,0.41736194491386414,0.5704506635665894,0.011231542564928532,80,0.125494122505188,0.19224250316619873,0.033874575048685074,234,0.3359539210796356,0.41244038939476013,0.20296519994735718,0,,,
81,61501,0.8532506823539734,0.99920254945755,0.022811567410826683,967,0.26468756794929504,0.5459286570549011,0.015329685993492603,0,,,,269,0.095851831138134,0.23496416211128235,0.012850835919380188,2799,0.5718353390693665,0.9467684626579285,0.00166793423704803
82,50481,0.7631704211235046,0.9998550415039062,0.020916232839226723,15055,0.4653533101081848,0.9332846403121948,0.006015492137521505,0,,,,0,,,,0,,,
83,58045,0.7512038350105286,0.9988640546798706,0.011941194534301758,7491,0.4484037756919861,0.9520331621170044,0.03909800946712494,0,,,,0,,,,0,,,
84,47089,0.7328670620918274,0.9991955161094666,0.019249584525823593,18447,0.6406581401824951,0.9686951041221619,0.006729490123689175,0,,,,0,,,,0,,,
85,65536,0.9352499842643738,0.999457061290741,0.03417851775884628,0,,,,0,,,,0,,,,0,,,
86,64451,0.9408950209617615,0.9995003938674927,0.02384590357542038,677,0.4096548557281494,0.5535793900489807,0.12630663812160492,195,0.17381305992603302,0.306118369102478,0.06085249036550522,213,0.2248445600271225,0.36789512634277344,0.0067974841222167015,0,,,
87,65121,0.9820000529289246,0.9999909400939941,0.013620984740555286,0,,,,0,,,,397,0.22495095431804657,0.41993942856788635,0.0024286224506795406,18,0.1652151644229889,0.5851743817329407,0.009636410512030125
88,40413,0.549068808555603,0.9997840523719788,0.019216980785131454,24618,0.5117079019546509,0.9353490471839905,0.01973963901400566,505,0.1269308477640152,0.21154631674289703,0.016323329880833626,0,,,,0,,,
89,51818,0.7471504807472229,0.9986401200294495,0.023271851241588593,13718,0.3464062809944153,0.9254054427146912,0.041024349629879,0,,,,0,,,,0,,,
90,64679,0.9593894481658936,0.9999148845672607,0.024473804980516434,0,,,,0,,,,857,0.2685267925262451,0.5682454705238342,0.025563420727849007,0,,,
91,63002,0.8284367322921753,0.9943227767944336,0.04050660505890846,530,0.31512144207954407,0.5300911664962769,0.07258454710245132,9,0.07346104830503464,0.08422882854938507,0.05704884231090546,0,,,,1995,0.5220942497253418,0.9357650876045227,0.022213447839021683
92,64371,0.9583247303962708,0.9998887777328491,0.04057621955871582,912,0.4108808636665344,0.868131160736084,0.009550550952553749,116,0.11415137350559235,0.1722724586725235,0.006631541531533003,137,0.3180170953273773,0.41002151370048523,0.15207383036613464,0,,,
93,65169,0.9100177884101868,0.9998903274536133,0.03211522847414017,166,0.272188663482666,0.6363369226455688,0.014483834616839886,105,0.12382864952087402,0.2762430012226105,0.010203045792877674,0,,,,96,0.164668470621109,0.43889352679252625,0.03800729662179947
94,65536,0.894715428352356,0.9968728423118591,0.1482173204421997,0,,,,0,,,,0,,,,0,,,
95,65028,0.7948878407478333,0.9975263476371765,0.026325222104787827,143,0.32289475202560425,0.5275700688362122,0.08244512230157852,7,0.14660651981830597,0.15432089567184448,0.13539770245552063,0,,,,358,0.2667325735092163,0.69972825050354,0.029067005962133408
96,65532,0.4037214517593384,0.999872088432312,0.021050261333584785,0,,,,0,,,,0,,,,4,0.07222606986761093,0.0755685493350029,0.06505787372589111
97,46392,0.5390024781227112,0.9812397956848145,0.025173017755150795,14690,0.41202646493911743,0.6962422728538513,0.0648268312215805,0,,,,0,,,,4454,0.41202884912490845,0.8554762005805969,0.01500878855586052
98,64675,0.9663364887237549,0.9999879598617554,0.00812588632106781,861,0.36530986428260803,0.5685797929763794,0.00468991044908762,0,,,,0,,,,0,,,
99,65536,0.9603344202041626,0.9997584223747253,0.033027227967977524,0,,,,0,,,,0,,,,0,,,
100,65263,0.9243874549865723,0.999884843826294,0.07032038271427155,0,,,,25,0.12354467064142227,0.1745244711637497,0.039072535932064056,80,0.15443925559520721,0.29589924216270447,0.04124820604920387,168,0.14428547024726868,0.6923298239707947,0.02028658613562584
101,64479,0.9769138097763062,0.9998089671134949,0.03163673356175423,1042,0.3689030706882477,0.9110379815101624,0.03691484406590462,15,0.089961476624012,0.11725012958049774,0.04905139282345772,0,,,,0,,,
102,65464,0.9929330945014954,0.9999897480010986,0.17022095620632172,0,,,,0,,,,0,,,,72,0.08350982517004013,0.3622419536113739,0.0006025774055160582
103,65453,0.9244722723960876,0.997531533241272,0.0578969344496727,0,,,,0,,,,0,,,,83,0.04134737700223923,0.12369193881750107,0.019699852913618088
104,64293,0.8916171789169312,0.9957718253135681,0.035800375044345856,1243,0.4058104157447815,0.7467307448387146,0.014571486040949821,0,,,,0,,,,0,,,
105,65536,0.8361388444900513,0.9961559176445007,0.16598454117774963,0,,,,0,,,,0,,,,0,,,
106,65523,0.9802772998809814,0.9999843835830688,0.035948991775512695,8,0.3880448341369629,0.45992279052734375,0.3307979106903076,5,0.16507863998413086,0.17622794210910797,0.14977604150772095,0,,,,0,,,
107,62469,0.9140685200691223,0.9998103976249695,0.02779124677181244,0,,,,47,0.05651339143514633,0.1243865042924881,0.021608926355838776,0,,,,3020,0.6531362533569336,0.9548623561859131,0.000511963851749897
108,50059,0.7003496289253235,0.9998277425765991,0.007367098703980446,15477,0.3736446499824524,0.8391816020011902,0.006200353614985943,0,,,,0,,,,0,,,
109,65286,0.9810789823532104,0.9999091625213623,0.01687217317521572,197,0.39348188042640686,0.5150223970413208,0.05665820837020874,53,0.22189997136592865,0.30295026302337646,0.09597515314817429,0,,,,0,,,
110,65536,0.908884584903717,0.9959608912467957,0.0701756626367569,0,,,,0,,,,0,,,,0,,,
111,64999,0.836614727973938,0.995380163192749,0.053014904260635376,537,0.3610416352748871,0.6844676733016968,0.03047971986234188,0,,,,0,,,,0,,,
112,57933,0.7768583297729492,0.9997101426124573,0.01884780451655388,3069,0.4728875458240509,0.9542086720466614,0.011403197422623634,2445,0.17698317766189575,0.32259896397590637,0.005311527289450169,2089,0.2537679672241211,0.5215551853179932,0.007053719833493233,0,,,
113,64829,0.8312324285507202,0.9976932406425476,0.06284074485301971,80,0.5426941514015198,0.902786374092102,0.1641499549150467,0,,,,0,,,,627,0.5880492925643921,0.8860037326812744,0.04491623118519783
114,65536,0.9943673610687256,0.999231219291687,0.843691349029541,0,,,,0,,,,0,,,,0,,,
115,49492,0.7240005135536194,0.9986401200294495,0.026951927691698074,16044,0.5062876343727112,0.9441186785697937,0.0052377888932824135,0,,,,0,,,,0,,,
116,65536,0.8778098821640015,0.9990459084510803,0.12429817765951157,0,,,,0,,,,0,,,,0,,,
117,61256,0.47251829504966736,0.9973987340927124,0.01810215786099434,4075,0.41340911388397217,0.8729079365730286,0.04994557052850723,0,,,,31,0.18973171710968018,0.27555981278419495,0.08053458482027054,174,0.22584761679172516,0.7970545887947083,0.02386990562081337
118,65536,0.9537597894668579,0.9994056224822998,0.03104347176849842,0,,,,0,,,,0,,,,0,,,
119,65536,0.9850988388061523,0.9999258518218994,0.09327511489391327,0,,,,0,,,,0,,,,0,,,
120,59740,0.8446600437164307,0.9998776912689209,0.013791189529001713,3841,0.3990305960178375,0.8303782939910889,0.0213082917034626,1322,0.17176027595996857,0.2926660478115082,0.004045926500111818,471,0.37738820910453796,0.5333346724510193,0.1754990816116333,162,0.10032262653112411,0.5212570428848267,0.01948482356965542
121,65536,0.9626008868217468,0.99905925989151,0.0769532322883606,0,,,,0,,,,0,,,,0,,,
122,65020,0.9344359636306763,0.999446451663971,0.01252308301627636,185,0.4582274556159973,0.5836281180381775,0.2843685746192932,331,0.19808733463287354,0.2886296212673187,0.055275410413742065,0,,,,0,,,
123,56696,0.82942795753479,0.9997898936271667,0.019631966948509216,8840,0.5790051221847534,0.9413596987724304,0.016034981235861778,0,,,,0,,,,0,,,
124,65447,0.9932210445404053,0.999303936958313,0.052238885313272476,0,,,,0,,,,0,,,,89,0.3178476095199585,0.5552443861961365,0.09006990492343903
125,65361,0.8108590841293335,0.9998161196708679,0.03061334788799286,0,,,,34,0.1410008817911148,0.23289193212985992,0.05126388370990753,27,0.1994989663362503,0.2487567812204361,0.12576934695243835,114,0.2209799736738205,0.6651010513305664,0.017420360818505287
126,65284,0.9466034173965454,0.9999183416366577,0.0491861067712307,0,,,,0,,,,252,0.10808196663856506,0.3787284791469574,0.007067741360515356,0,,,
127,65536,0.7624047994613647,0.9981239438056946,0.025107134133577347,0,,,,0,,,,0,,,,0,,,
128,60842,0.8589562773704529,0.9997652173042297,0.01554825995117426,3265,0.40483346581459045,0.5557233691215515,0.04550832509994507,1021,0.16263112425804138,0.28576990962028503,0.003180377883836627,408,0.24086861312389374,0.3963783383369446,0.03387894853949547,0,,,
129,47088,0.658029317855835,0.9914933443069458,0.0509079247713089,18448,0.38505372405052185,0.8713294267654419,0.02310582436621189,0,,,,0,,,,0,,,
130,65141,0.9365636706352234,0.9998726844787598,0.038613639771938324,191,0.40021833777427673,0.5960938930511475,0.0875156968832016,12,0.12535089254379272,0.14807158708572388,0.08998305350542068,179,0.2202056646347046,0.44105127453804016,0.000499451532959938,13,0.08296944200992584,0.19949743151664734,0.04382287710905075
131,52689,0.6991105675697327,0.9985989928245544,0.023953627794981003,12847,0.3655092418193817,0.6882985830307007,0.015928711742162704,0,,,,0,,,,0,,,
132,65519,0.8791475296020508,0.9998977184295654,0.050460170954465866,0,,,,0,,,,0,,,,17,0.07285932451486588,0.12509776651859283,0.020512526854872704
133,65536,0.92486172914505,0.9989768266677856,0.0480349026620388,0,,,,0,,,,0,,,,0,,,
134,65438,0.8913572430610657,0.9993453621864319,0.059644754976034164,0,,,,0,,,,0,,,,98,0.6721794605255127,0.9149055480957031,0.12112903594970703
135,65460,0.974463701248169,0.9998929500579834,0.09572164714336395,0,,,,0,,,,76,0.20875124633312225,0.3525427281856537,0.006629042327404022,0,,,
136,65103,0.9889606237411499,0.9999735355377197,0.02504396252334118,433,0.37661564350128174,0.5605824589729309,0.11901828646659851,0,,,,0,,,,0,,,
137,49143,0.6362231969833374,0.9995949864387512,0.01890009641647339,0,,,,0,,,,16393,0.33470767736434937,0.5462475419044495,0.038711655884981155,0,,,
138,64672,0.9500570893287659,0.9998922348022461,0.04010775312781334,0,,,,0,,,,864,0.2934674620628357,0.5190249681472778,0.005111796781420708,0,,,
139,65536,0.9149870276451111,0.9988648891448975,0.08377385139465332,0,,,,0,,,,0,,,,0,,,
140,60028,0.841065526008606,0.9998016953468323,0.010028022341430187,583,0.3667556345462799,0.5486356019973755,0.03594536334276199,4172,0.18532781302928925,0.4038093090057373,0.0011911176843568683,543,0.2695586085319519,0.4300442934036255,0.024675263091921806,210,0.19098864495754242,0.7207242846488953,0.0008798898197710514
141,31126,0.3582577109336853,0.987443745136261,0.015979597344994545,34410,0.5007385015487671,0.9661828279495239,0.010470089502632618,0,,,,0,,,,0,,,
142,48858,0.7592720985412598,0.999313473701477,0.037097666412591934,16484,0.29014912247657776,0.6927785873413086,0.003933903761208057,194,0.1304066926240921,0.22227591276168823,0.02846197970211506,0,,,,0,,,
143,64221,0.9073553085327148,0.9999899864196777,0.04481391981244087,446,0.229420006275177,0.67363440990448,0.03309975937008858,671,0.13555032014846802,0.22933076322078705,0.03141601011157036,185,0.21030373871326447,0.34263157844543457,0.09643900394439697,13,0.2663741111755371,0.3344532549381256,0.14617662131786346
144,65312,0.9792646169662476,0.9996689558029175,0.04258132725954056,0,,,,0,,,,0,,,,224,0.03882591053843498,0.14067743718624115,0.006884782109409571
145,35997,0.593643069267273,0.9961585402488708,0.019144481047987938,29521,0.47183775901794434,0.9347745776176453,0.03600598871707916,0,,,,0,,,,18,0.13540367782115936,0.24413368105888367,0.04552490636706352
146,65520,0.9822319746017456,0.9998910427093506,0.0848793163895607,0,,,,0,,,,0,,,,16,0.4726191759109497,0.6758044362068176,0.2727830708026886
147,65219,0.8949956297874451,0.9999946355819702,0.056419577449560165,33,0.2490902841091156,0.3426496088504791,0.047152258455753326,273,0.12590286135673523,0.24699966609477997,0.0032031775917857885,0,,,,11,0.5313370227813721,0.7385926246643066,0.15219160914421082
148,65392,0.8965843915939331,0.9991344809532166,0.03712477535009384,78,0.4244762361049652,0.5163255929946899,0.19502690434455872,0,,,,0,,,,66,0.38898611068725586,0.6168281435966492,0.08914295583963394
149,48528,0.8687951564788818,0.9998514652252197,0.03158990293741226,0,,,,5376,0.13497096300125122,0.2766795754432678,0.0009448108612559736,11622,0.3042050004005432,0.49178051948547363,0.00040819140849635005,10,0.04185523837804794,0.05645923689007759,0.029303323477506638
150,58456,0.700344979763031,0.9983856678009033,0.044564567506313324,7080,0.3860478401184082,0.9140458106994629,0.017858564853668213,0,,,,0,,,,0,,,
151,65536,0.8808796405792236,0.9990384578704834,0.15020878612995148,0,,,,0,,,,0,,,,0,,,
152,65159,0.9634965062141418,0.9996863603591919,0.0357896089553833,20,0.3385066092014313,0.4228793680667877,0.1760404109954834,0,,,,357,0.37955015897750854,0.48931437730789185,0.21582110226154327,0,,,
153,46999,0.6756818890571594,0.9992530941963196,0.014751605689525604,17374,0.3619922697544098,0.5703805088996887,0.029412655159831047,1163,0.17248383164405823,0.270773321390152,0.030157646164298058,0,,,,0,,,
154,57081,0.6586890816688538,0.9999712705612183,0.01612144336104393,1686,0.375158429145813,0.5190039277076721,0.024015069007873535,5052,0.16748292744159698,0.29227110743522644,0.002898062812164426,986,0.30828332901000977,0.448939710855484,0.0687665268778801,731,0.17577168345451355,0.6801024675369263,0.00796775333583355
155,64458,0.8729418516159058,0.9994359612464905,0.01908761076629162,188,0.44810208678245544,0.569894552230835,0.08734818547964096,627,0.15710636973381042,0.26559245586395264,0.01487845927476883,164,0.2832501530647278,0.4272897243499756,0.06062118709087372,99,0.0765605941414833,0.19861561059951782,0.003666363889351487
156,65504,0.9224326610565186,0.9980363249778748,0.11051279306411743,0,,,,0,,,,0,,,,32,0.10429848730564117,0.1966901272535324,0.0509115606546402
157,65067,0.979694128036499,0.9999310970306396,0.009957822971045971,469,0.4312523603439331,0.5784117579460144,0.0058403052389621735,0,,,,0,,,,0,,,
158,65536,0.9873499870300293,0.999969482421875,0.05464363470673561,0,,,,0,,,,0,,,,0,,,
159,51643,0.7930104732513428,0.9980915188789368,0.03575875237584114,13893,0.5096118450164795,0.9207471609115601,0.03248706832528114,0,,,,0,,,,0,,,
160,63359,0.9540889263153076,0.9999676942825317,0.01968318037688732,2177,0.4089612662792206,0.9894598722457886,0.0047407131642103195,0,,,,0,,,,0,,,
161,65526,0.9870385527610779,0.9999899864196777,0.1435159295797348,0,,,,0,,,,10,0.1188172847032547,0.16981278359889984,0.07895766943693161,0,,,
162,65427,0.7022942304611206,0.9963896870613098,0.07229140400886536,6,0.16559775173664093,0.17166227102279663,0.16020041704177856,0,,,,0,,,,103,0.11323639750480652,0.25781992077827454,0.03669581189751625
163,42555,0.6451323628425598,0.9999855756759644,0.02015342004597187,15736,0.3471801280975342,0.7170580625534058,0.021107323467731476,7245,0.13715316355228424,0.35685670375823975,0.00764811085537076,0,,,,0,,,
164,60729,0.6391957998275757,0.9981022477149963,0.005052117630839348,4807,0.3874477744102478,0.539280891418457,0.04731488972902298,0,,,,0,,,,0,,,
165,61774,0.7192168831825256,0.9987970590591431,0.019846567884087563,2904,0.39030367136001587,0.885791540145874,0.011992232874035835,0,,,,0,,,,858,0.4253188371658325,0.8825564980506897,0.027045931667089462
166,64950,0.9566138386726379,0.9996935129165649,0.05292406305670738,523,0.36400407552719116,0.4736320972442627,0.16376462578773499,63,0.05499381944537163,0.09271684288978577,0.03864321857690811,0,,,,0,,,
167,65249,0.980398416519165,0.9999641180038452,0.03326471894979477,34,0.4093865156173706,0.5021299719810486,0.19689227640628815,253,0.19876861572265625,0.27644768357276917,0.0766909271478653,0,,,,0,,,
168,65536,0.9534192681312561,0.9984512329101562,0.25650346279144287,0,,,,0,,,,0,,,,0,,,
169,47014,0.7083668112754822,0.9997677206993103,0.02404000423848629,2734,0.36614906787872314,0.4793694019317627,0.0959995687007904,3995,0.154397115111351,0.2957149147987366,0.0038206044118851423,11793,0.33913764357566833,0.4861474335193634,0.005643046926707029,0,,,
170,65536,0.8907210826873779,0.9996566772460938,0.06138226017355919,0,,,,0,,,,0,,,,0,,,
171,65368,0.895182192325592,0.998591959476471,0.08525244146585464,62,0.39899942278862,0.4843932092189789,0.25733041763305664,0,,,,0,,,,106,0.2549954950809479,0.43281272053718567,0.06354305148124695
172,64845,0.9656137228012085,0.999990701675415,0.03945610672235489,691,0.3094445466995239,0.5145419239997864,0.005833804607391357,0,,,,0,,,,0,,,
173,65536,0.8106386065483093,0.9992589354515076,0.07460509985685349,0,,,,0,,,,0,,,,0,,,
174,63027,0.8143765330314636,0.9930168390274048,0.03706509992480278,2509,0.4371420741081238,0.8578461408615112,0.05748999863862991,0,,,,0,,,,0,,,
175,65170,0.8709976673126221,0.9990779161453247,0.036599088460206985,326,0.49254024028778076,0.8048508763313293,0.035377513617277145,0,,,,0,,,,40,0.3575006425380707,0.6336644291877747,0.17871782183647156
176,54325,0.6977711319923401,0.9987730383872986,0.016715282574295998,10853,0.390837162733078,0.5912614464759827,0.010976952500641346,0,,,,0,,,,358,0.572002112865448,0.8668692708015442,0.04870730638504028
177,60403,0.6712935566902161,0.9994527697563171,0.023985696956515312,2292,0.3560824692249298,0.8103104829788208,0.013152309693396091,0,,,,0,,,,2841,0.23236770927906036,0.8439019322395325,0.007230307441204786
178,58018,0.7735111117362976,0.9998955726623535,0.01028002705425024,2525,0.4756758213043213,0.981048583984375,0.001200269558466971,2238,0.14364293217658997,0.2640998363494873,0.009381272830069065,2755,0.2512430250644684,0.4403485357761383,0.03157534822821617,0,,,
179,65512,0.9941374063491821,0.9999725818634033,0.031106965616345406,0,,,,0,,,,24,0.29778584837913513,0.33589085936546326,0.23215053975582123,0,,,
180,54444,0.7974773049354553,0.999784529209137,0.017546219751238823,10749,0.31839847564697266,0.7547377943992615,0.0035160882398486137,343,0.09872296452522278,0.23455595970153809,0.009521253407001495,0,,,,0,,,
181,63871,0.9621389508247375,0.9999887943267822,0.03328641131520271,1665,0.3392546474933624,0.7681261897087097,0.005526306107640266,0,,,,0,,,,0,,,
182,64610,0.9748479127883911,0.9999721050262451,0.01603374071419239,849,0.39110609889030457,0.5236403346061707,0.0014971644850447774,77,0.20526494085788727,0.2625514268875122,0.15734463930130005,0,,,,0,,,
183,58735,0.7222468256950378,0.9995512366294861,0.006971164606511593,5486,0.40139833092689514,0.8253876566886902,0.008308203890919685,1094,0.18637266755104065,0.3492107391357422,0.008674891665577888,221,0.30388879776000977,0.3951580226421356,0.14633256196975708,0,,,
184,65536,0.8764485716819763,0.9995686411857605,0.02762567810714245,0,,,,0,,,,0,,,,0,,,
185,64528,0.9768069982528687,0.9999887943267822,0.034195758402347565,1008,0.3638271689414978,0.43281957507133484,0.1720144897699356,0,,,,0,,,,0,,,
186,61639,0.8467928171157837,0.9999740123748779,0.026992613449692726,3897,0.38147902488708496,0.4895699620246887,0.039741385728120804,0,,,,0,,,,0,,,
187,56171,0.6202781200408936,0.9998849630355835,0.012469452805817127,6466,0.3623928427696228,0.7381315231323242,0.03152529150247574,2288,0.1608545482158661,0.32343292236328125,0.03938504308462143,611,0.35520437359809875,0.48050934076309204,0.07794245332479477,0,,,
188,65536,0.7544326782226562,0.9987119436264038,0.028158223256468773,0,,,,0,,,,0,,,,0,,,
189,60262,0.7904563546180725,0.9995096921920776,0.037386298179626465,5274,0.45544978976249695,0.9400686621665955,0.03317749872803688,0,,,,0,,,,0,,,
190,62626,0.7964655160903931,0.9997650980949402,0.01408413890749216,405,0.49845489859580994,0.9272184371948242,0.22789907455444336,481,0.18037471175193787,0.2592463195323944,0.04248278588056564,1398,0.408399760723114,0.5083190202713013,0.08749490231275558,626,0.11552076041698456,0.27029529213905334,0.006728466134518385
191,65461,0.9372825026512146,0.9999716281890869,0.08779571950435638,75,0.20692481100559235,0.30689874291419983,0.01654621586203575,0,,,,0,,,,0,,,
192,65536,0.9805500507354736,0.9999470710754395,0.05023568868637085,0,,,,0,,,,0,,,,0,,,
193,64801,0.8986993432044983,0.9998816251754761,0.031106019392609596,638,0.29130151867866516,0.552385687828064,0.04037666320800781,72,0.1342305988073349,0.2755756974220276,0.027459487318992615,10,0.17464539408683777,0.25794199109077454,0.02377287857234478,15,0.20269635319709778,0.29929620027542114,0.08851935714483261
194,62868,0.8846942186355591,0.9997368454933167,0.015560503117740154,1524,0.3842501938343048,0.5382911562919617,0.02789905294775963,618,0.1427382379770279,0.2698935270309448,0.00129046814981848,526,0.30654728412628174,0.3960232734680176,0.11392835527658463,0,,,
195,64379,0.8602032661437988,0.9996672868728638,0.022782500833272934,844,0.3853740692138672,0.5567725896835327,0.049349360167980194,230,0.1707126498222351,0.2880590856075287,0.027804436162114143,83,0.33963990211486816,0.4191591143608093,0.20473167300224304,0,,,
196,64663,0.891155481338501,0.9979999661445618,0.029183000326156616,873,0.4916006028652191,0.8754968643188477,0.055571287870407104,0,,,,0,,,,0,,,
197,65009,0.8087174296379089,0.9989020824432373,0.023590736091136932,510,0.3311852514743805,0.5117487907409668,0.05409828573465347,0,,,,0,,,,17,0.03150302544236183,0.049406230449676514,0.018776727840304375
198,42235,0.6257595419883728,0.9996227025985718,0.026390425860881805,4565,0.3541271686553955,0.470559686422348,0.019289687275886536,13575,0.1431659311056137,0.3573206663131714,0.0021336027421057224,5161,0.3170584440231323,0.48291343450546265,0.01939287595450878,0,,,
199,44105,0.7392680048942566,0.9998878240585327,0.02302679978311062,21431,0.3832889497280121,0.8829199075698853,0.023844273760914803,0,,,,0,,,,0,,,
200,60246,0.7275654077529907,0.9986633062362671,0.02119784988462925,5290,0.4100406765937805,0.9022536873817444,0.009994372725486755,0,,,,0,,,,0,,,
201,59806,0.8153420090675354,0.9999237060546875,0.0428265817463398,5730,0.3283262252807617,0.5249853730201721,0.09864591807126999,0,,,,0,,,,0,,,
202,53716,0.8489784598350525,0.9998884201049805,0.014407435432076454,0,,,,10446,0.1207885891199112,0.2353217601776123,0.03985567390918732,1374,0.4729651212692261,0.5552427768707275,0.12190155684947968,0,,,
203,61852,0.8811617493629456,0.9987173080444336,0.02005116455256939,3684,0.3771054744720459,0.5680304765701294,0.008718842640519142,0,,,,0,,,,0,,,
204,65536,0.8727573156356812,0.997663140296936,0.08042442053556442,0,,,,0,,,,0,,,,0,,,
205,65498,0.963655412197113,0.9986400008201599,0.16953666508197784,38,0.16209331154823303,0.3632936179637909,0.049771130084991455,0,,,,0,,,,0,,,
206,65536,0.8301039934158325,0.9984740614891052,0.023667193949222565,0,,,,0,,,,0,,,,0,,,
207,43225,0.5901154279708862,0.9984822869300842,0.01859983243048191,22311,0.5398263335227966,0.9341210722923279,0.02456393651664257,0,,,,0,,,,0,,,
208,65532,0.9233089089393616,0.9991996884346008,0.06664830446243286,0,,,,0,,,,0,,,,4,0.011562865227460861,0.01512483973056078,0.0077325752936303616
209,65536,0.9745223522186279,0.9996918439865112,0.18128247559070587,0,,,,0,,,,0,,,,0,,,
210,50947,0.7189925909042358,0.9997616410255432,0.0065885805524885654,2984,0.39957287907600403,0.4849727153778076,0.043341562151908875,4987,0.18201054632663727,0.29437339305877686,0.025651155039668083,6618,0.34044864773750305,0.48279818892478943,0.002443761331960559,0,,,
211,64088,0.5402637124061584,0.9990487694740295,0.0160331130027771,731,0.33796849846839905,0.526404857635498,0.008692161180078983,42,0.09462176263332367,0.13840079307556152,0.053436528891325,640,0.359688937664032,0.5460482239723206,0.0543106347322464,35,0.1862523853778839,0.4224420189857483,0.02743549831211567
212,61869,0.866223156452179,0.9998964071273804,0.017649972811341286,3531,0.36350852251052856,0.6116406321525574,0.024103550240397453,136,0.14160549640655518,0.18719421327114105,0.10252641886472702,0,,,,0,,,
213,64639,0.9230198264122009,0.9999492168426514,0.009681626223027706,514,0.4226723313331604,0.5723240375518799,0.0909682959318161,237,0.16879893839359283,0.2587665617465973,0.09832245111465454,146,0.29360663890838623,0.4208693504333496,0.002015972277149558,0,,,
214,64774,0.9627737998962402,0.9999443292617798,0.027843141928315163,0,,,,156,0.17256991565227509,0.28418803215026855,0.09774810075759888,606,0.3043842911720276,0.490934818983078,0.04385918006300926,0,,,
215,64233,0.9503094553947449,0.9999707937240601,0.027753198519349098,1303,0.33416637778282166,0.594662070274353,0.0011995946988463402,0,,,,0,,,,0,,,
216,64466,0.9698256254196167,0.999990701675415,0.007388056255877018,0,,,,942,0.179135262966156,0.4112381041049957,0.0025605279952287674,128,0.43174082040786743,0.5605188012123108,0.09911242127418518,0,,,
217,65536,0.9546029567718506,0.9988183379173279,0.22542713582515717,0,,,,0,,,,0,,,,0,,,
218,65536,0.9801620244979858,0.9986372590065002,0.4999205470085144,0,,,,0,,,,0,,,,0,,,
219,65298,0.6220074892044067,0.9997645020484924,0.024969791993498802,0,,,,69,0.20210270583629608,0.29662394523620605,0.11245060712099075,85,0.25505879521369934,0.3241504728794098,0.07528267800807953,84,0.33641669154167175,0.7938387393951416,0.07637312263250351
220,64672,0.8203109502792358,0.9958677291870117,0.023402037099003792,543,0.5024061799049377,0.9092254042625427,0.09473909437656403,0,,,,0,,,,321,0.22582018375396729,0.7226346135139465,0.02376115694642067
221,65481,0.9275051951408386,0.9997915625572205,0.05115579813718796,0,,,,0,,,,55,0.22827740013599396,0.28818121552467346,0.07171081751585007,0,,,
222,65485,0.9452940821647644,0.9998939037322998,0.07609879970550537,0,,,,25,0.09746237844228745,0.16435867547988892,0.03134693577885628,26,0.23000715672969818,0.2770579159259796,0.15249775350093842,0,,,
223,65536,0.9733448624610901,0.9986391663551331,0.4012831747531891,0,,,,0,,,,0,,,,0,,,
224,64201,0.847190260887146,0.9988923668861389,0.07269388437271118,30,0.04015602543950081,0.11112383008003235,0.020922545343637466,148,0.0874805599451065,0.1408482789993286,0.02964465320110321,0,,,,1157,0.468447208404541,0.855644702911377,0.004491045139729977
225,65006,0.9741560220718384,0.9999781847000122,0.03141283988952637,530,0.3385918438434601,0.49806565046310425,0.0072989086620509624,0,,,,0,,,,0,,,
226,65008,0.9623926877975464,0.999738872051239,0.01894455775618553,450,0.3099108636379242,0.48747527599334717,0.013177159242331982,78,0.3381120264530182,0.4153113067150116,0.24069787561893463,0,,,,0,,,
227,58160,0.6329869627952576,0.9950439929962158,0.02231454849243164,7376,0.30317002534866333,0.5469542741775513,0.005848259199410677,0,,,,0,,,,0,,,
228,53080,0.6020776033401489,0.9941393136978149,0.0333092175424099,12456,0.36183270812034607,0.8318902850151062,0.01747840829193592,0,,,,0,,,,0,,,
229,60758,0.7277773022651672,0.9998278617858887,0.015425536781549454,4604,0.4220547378063202,0.5539196729660034,0.008610430173575878,0,,,,174,0.34870919585227966,0.41482025384902954,0.23431244492530823,0,,,
230,64986,0.9808049201965332,0.9999821186065674,0.03936512768268585,0,,,,0,,,,524,0.2754882276058197,0.427002876996994,0.0004817335866391659,26,0.010696046985685825,0.01833793893456459,0.0029941860120743513
231,65423,0.9184859991073608,0.9998477697372437,0.01699061319231987,109,0.4129495918750763,0.4983832836151123,0.0935574471950531,4,0.17324376106262207,0.18665625154972076,0.1413232982158661,0,,,,0,,,
232,58170,0.6915392875671387,0.9999176263809204,0.008491657674312592,2806,0.3911016285419464,0.578332781791687,0.0018376996740698814,3668,0.17524823546409607,0.2968277037143707,0.007336955051869154,473,0.27948132157325745,0.4218263626098633,0.06518176198005676,419,0.11504444479942322,0.40633031725883484,0.0018225358799099922
233,60180,0.8302173614501953,0.999956488609314,0.008077467791736126,3399,0.3958342969417572,0.5811514258384705,0.028527162969112396,1266,0.19341476261615753,0.3366294801235199,0.011523313820362091,691,0.2854827046394348,0.4033714830875397,0.05770151689648628,0,,,
234,51702,0.678748607635498,0.9999573230743408,0.021241944283246994,13707,0.3346247375011444,0.9101614952087402,0.01456565223634243,127,0.05823014676570892,0.14403854310512543,0.009546366520226002,0,,,,0,,,
235,60000,0.6936482787132263,0.9999723434448242,0.010135196149349213,2270,0.37263965606689453,0.8692104816436768,0.02111043594777584,1633,0.14718325436115265,0.3328567445278168,0.012902646325528622,1527,0.24307213723659515,0.40604788064956665,0.02111942134797573,106,0.1989579051733017,0.5396314859390259,0.018514268100261688
236,60436,0.7437999844551086,0.9996676445007324,0.019193056970834732,2295,0.38970813155174255,0.8690444231033325,0.006096484139561653,1413,0.1831754744052887,0.2978225648403168,0.016806568950414658,971,0.2699654698371887,0.44413623213768005,0.01885613240301609,421,0.2625449299812317,0.7216535806655884,0.0003405486640986055
237,44661,0.6092846989631653,0.9995803236961365,0.02621879242360592,20750,0.49931928515434265,0.9178568124771118,0.024770744144916534,51,0.09382691979408264,0.1505667120218277,0.03267467021942139,74,0.17026382684707642,0.3016149401664734,0.07565300166606903,0,,,
238,59000,0.6707709431648254,0.9969682097434998,0.015979496762156487,6536,0.4385673701763153,0.9241589307785034,0.048028524965047836,0,,,,0,,,,0,,,
239,65469,0.8979169726371765,0.9978452920913696,0.16028261184692383,67,0.13611046969890594,0.22577829658985138,0.058686383068561554,0,,,,0,,,,0,,,
240,65536,0.9451550245285034,0.9996427297592163,0.13294996321201324,0,,,,0,,,,0,,,,0,,,
241,62585,0.9219279885292053,0.9986401200294495,0.018033046275377274,2914,0.436971515417099,0.9272284507751465,0.13268311321735382,0,,,,0,,,,37,0.12957663834095,0.3309078812599182,0.02347385138273239
242,65536,0.9863953590393066,0.999829888343811,0.5880860090255737,0,,,,0,,,,0,,,,0,,,
243,65536,0.9788210988044739,0.9999589920043945,0.06184905022382736,0,,,,0,,,,0,,,,0,,,
244,60903,0.7685847282409668,0.9997327923774719,0.037037115544080734,4633,0.37917453050613403,0.8417030572891235,0.007637111470103264,0,,,,0,,,,0,,,
245,56326,0.6682469844818115,0.9944425225257874,0.019216010347008705,9210,0.42844581604003906,0.9251648783683777,0.04938344657421112,0,,,,0,,,,0,,,
246,62325,0.8371063470840454,0.9992535710334778,0.02652835287153721,110,0.37726902961730957,0.5324268937110901,0.16640222072601318,2028,0.17005391418933868,0.3025999963283539,0.025622626766562462,1060,0.3531438112258911,0.5084881782531738,0.07089143246412277,13,0.16318437457084656,0.2250671684741974,0.09320732206106186
247,65536,0.8576313257217407,0.995806097984314,0.13407495617866516,0,,,,0,,,,0,,,,0,,,
248,57255,0.8866575956344604,0.9999945163726807,0.01630357652902603,8281,0.3576977550983429,0.530280590057373,0.0029583596624433994,0,,,,0,,,,0,,,
249,62187,0.9273356795310974,0.9965941309928894,0.03803291916847229,0,,,,0,,,,509,0.2850899398326874,0.4855037033557892,0.018318356946110725,2840,0.5029922127723694,0.9527412056922913,0.013349699787795544
250,59627,0.8405201435089111,0.9999423027038574,0.007258100435137749,4948,0.40647217631340027,0.525672435760498,0.015305995009839535,961,0.24415446817874908,0.3323354423046112,0.10773154348134995,0,,,,0,,,
251,64666,0.9606977701187134,0.9998354911804199,0.03687257692217827,534,0.23474159836769104,0.45810601115226746,0.0032689364161342382,100,0.07826167345046997,0.1895597279071808,0.01232702936977148,236,0.2621783912181854,0.4216318726539612,0.00490625249221921,0,,,
252,65536,0.911344051361084,0.985471248626709,0.3552394509315491,0,,,,0,,,,0,,,,0,,,
253,65297,0.9594813585281372,0.9996558427810669,0.0316176600754261,0,,,,0,,,,239,0.3293760418891907,0.45300304889678955,0.05485481396317482,0,,,
254,65255,0.8738867044448853,0.9997943043708801,0.03972666338086128,0,,,,62,0.09085249900817871,0.22810569405555725,0.023184701800346375,50,0.1125299260020256,0.2393270581960678,0.02026386745274067,169,0.195979505777359,0.5860381126403809,0.0006754342466592789
255,64434,0.9699267148971558,0.9999817609786987,0.005329551175236702,876,0.4059838354587555,0.9560868144035339,0.043087709695100784,0,,,,226,0.2984108030796051,0.3837198317050934,0.17290888726711273,0,,,
256,65536,0.8455161452293396,0.9970883727073669,0.04252978414297104,0,,,,0,,,,0,,,,0,,,
257,61708,0.9151672720909119,0.9999676942825317,0.02112400531768799,3828,0.3934098482131958,0.5688291192054749,0.0018437537364661694,0,,,,0,,,,0,,,
258,59119,0.8997663855552673,0.9993211030960083,0.016662364825606346,0,,,,0,,,,6417,0.33139097690582275,0.47332894802093506,0.021013174206018448,0,,,
259,65536,0.9634313583374023,0.9991171956062317,0.2454112321138382,0,,,,0,,,,0,,,,0,,,
260,61098,0.7462547421455383,0.9957987666130066,0.027304375544190407,4438,0.33029139041900635,0.7241203188896179,0.0792265385389328,0,,,,0,,,,0,,,
261,65536,0.8156120181083679,0.9996702671051025,0.07301745563745499,0,,,,0,,,,0,,,,0,,,
262,65536,0.8321195244789124,0.9952136278152466,0.0552213080227375,0,,,,0,,,,0,,,,0,,,
263,65147,0.9758182764053345,0.9999444484710693,0.0373564250767231,165,0.3798896074295044,0.5998091697692871,0.013176338747143745,197,0.20051349699497223,0.272043377161026,0.047037187963724136,27,0.1937524974346161,0.31209009885787964,0.05682411044836044,0,,,
264,64452,0.8792924880981445,0.9998656511306763,0.026740994304418564,0,,,,0,,,,1084,0.2524782717227936,0.5451099276542664,0.006965867709368467,0,,,
265,61443,0.8925308585166931,0.9998196959495544,0.035896386951208115,4093,0.48824235796928406,0.8974795937538147,0.01258529257029295,0,,,,0,,,,0,,,
266,62136,0.9023594856262207,0.9998382329940796,0.016761304810643196,2796,0.4041896462440491,0.9497933387756348,0.012607047334313393,158,0.12038204073905945,0.20717576146125793,0.008660316467285156,446,0.2485426813364029,0.3660386800765991,0.023398002609610558,0,,,
267,65532,0.8627577424049377,0.9941152334213257,0.052036914974451065,0,,,,0,,,,0,,,,4,0.19089236855506897,0.20835623145103455,0.16659234464168549
268,64769,0.8177388310432434,0.997675359249115,0.04008491709828377,767,0.3110390603542328,0.4841104745864868,0.03266961872577667,0,,,,0,,,,0,,,
269,64445,0.899111270904541,0.999927282333374,0.024408282712101936,0,,,,0,,,,1091,0.26810964941978455,0.5059762597084045,0.006936679128557444,0,,,
270,64172,0.6457522511482239,0.9999370574951172,0.0368746854364872,0,,,,0,,,,340,0.15084236860275269,0.34650155901908875,0.027014244347810745,1024,0.2626246511936188,0.7755210399627686,0.0038008077535778284
271,56217,0.7623977661132812,0.9998114705085754,0.011647430248558521,7241,0.38785916566848755,0.8400479555130005,0.002552902093157172,1205,0.16681376099586487,0.3184725344181061,0.008050687611103058,646,0.3048022389411926,0.4618458151817322,0.002761393552646041,227,0.02389075979590416,0.06946281343698502,0.0037466916255652905
272,65336,0.9435395002365112,0.9999220371246338,0.07467636466026306,0,,,,9,0.013610546477138996,0.0250772126019001,0.006427741143852472,25,0.2317546308040619,0.3074026107788086,0.133835107088089,166,0.18642711639404297,0.6010375618934631,0.002694089198485017
273,48275,0.7326114773750305,0.9995224475860596,0.01815629191696644,12012,0.3429248034954071,0.47855234146118164,0.008402758277952671,3480,0.14670030772686005,0.2895767390727997,0.008852443657815456,1769,0.30622541904449463,0.4279724359512329,0.04384247958660126,0,,,
274,63060,0.7982536554336548,0.9951360821723938,0.024835778400301933,2476,0.4440741539001465,0.8449751138687134,0.06980105489492416,0,,,,0,,,,0,,,
275,65404,0.8913394212722778,0.9875491857528687,0.10154569894075394,0,,,,0,,,,0,,,,132,0.28314411640167236,0.5979276299476624,0.068885937333107
276,57069,0.7898815870285034,0.9999397993087769,0.014095360413193703,6439,0.5011920928955078,0.956937313079834,0.06558120250701904,0,,,,1180,0.1555013507604599,0.30865928530693054,0.04328291490674019,848,0.16463486850261688,0.8768604397773743,0.002772726584225893
277,55855,0.6897129416465759,0.9997796416282654,0.010250980034470558,7100,0.40946394205093384,0.5851258635520935,0.02863634191453457,2145,0.22173993289470673,0.3406949043273926,0.03669506311416626,393,0.30254384875297546,0.44161027669906616,0.04260273650288582,43,0.04430217668414116,0.06867152452468872,0.02777032181620598
278,64690,0.7681493163108826,0.9980839490890503,0.03371618315577507,846,0.28339922428131104,0.45728251338005066,0.013599568046629429,0,,,,0,,,,0,,,
