sample_id,class_id,class_name,pixel_count,percentage,region_count,largest_region,smallest_region,mean_region,median_region,regions_1px_or_less,regions_5px_or_less,regions_10px_or_less,regions_25px_or_less,regions_50px_or_less
hurricane-michael_00000341,2,Minor Damage,2328,0.222015380859375,3,1378,269,776.0,681.0,0,0,0,0,0
hurricane-michael_00000341,3,Major Damage,1025,0.09775161743164062,1,1025,1025,1025.0,1025.0,0,0,0,0,0
hurricane-michael_00000341,4,Destroyed,0,0.0,0,0,0,0,0,0,0,0,0,0
hurricane-michael_00000102,2,Minor Damage,39164,3.7349700927734375,36,4385,242,1087.888888888889,1043.0,0,0,0,0,0
hurricane-michael_00000102,3,Major Damage,15603,1.4880180358886719,14,2422,229,1114.5,1171.0,0,0,0,0,0
hurricane-michael_00000102,4,Destroyed,2810,0.26798248291015625,2,1769,1041,1405.0,1405.0,0,0,0,0,0
hurricane-michael_00000446,2,Minor Damage,18447,1.7592430114746094,11,5945,422,1677.0,1254.0,0,0,0,0,0
hurricane-michael_00000446,3,Major Damage,19590,1.8682479858398438,7,6539,393,2798.5714285714284,1393.0,0,0,0,0,0
hurricane-michael_00000446,4,Destroyed,0,0.0,0,0,0,0,0,0,0,0,0,0
hurricane-florence_00000510,2,Minor Damage,0,0.0,0,0,0,0,0,0,0,0,0,0
hurricane-florence_00000510,3,Major Damage,0,0.0,0,0,0,0,0,0,0,0,0,0
hurricane-florence_00000510,4,Destroyed,197,0.018787384033203125,1,197,197,197.0,197.0,0,0,0,0,0
santa-rosa-wildfire_00000084,2,Minor Damage,0,0.0,0,0,0,0,0,0,0,0,0,0
santa-rosa-wildfire_00000084,3,Major Damage,0,0.0,0,0,0,0,0,0,0,0,0,0
santa-rosa-wildfire_00000084,4,Destroyed,219686,20.950889587402344,202,5524,70,1087.5544554455446,1029.0,0,0,0,0,0
hurricane-michael_00000358,2,Minor Damage,6452,0.6153106689453125,7,1331,455,921.7142857142857,899.0,0,0,0,0,0
hurricane-michael_00000358,3,Major Damage,3858,0.36792755126953125,1,3858,3858,3858.0,3858.0,0,0,0,0,0
hurricane-michael_00000358,4,Destroyed,0,0.0,0,0,0,0,0,0,0,0,0,0
hurricane-michael_00000142,2,Minor Damage,16758,1.5981674194335938,14,1431,958,1197.0,1226.5,0,0,0,0,0
hurricane-michael_00000142,3,Major Damage,7104,0.677490234375,6,1339,1074,1184.0,1186.5,0,0,0,0,0
hurricane-michael_00000142,4,Destroyed,239,0.022792816162109375,1,239,239,239.0,239.0,0,0,0,0,0
socal-fire_00000013,2,Minor Damage,0,0.0,0,0,0,0,0,0,0,0,0,0
socal-fire_00000013,3,Major Damage,0,0.0,0,0,0,0,0,0,0,0,0,0
socal-fire_00000013,4,Destroyed,0,0.0,0,0,0,0,0,0,0,0,0,0
socal-fire_00000277,2,Minor Damage,0,0.0,0,0,0,0,0,0,0,0,0,0
socal-fire_00000277,3,Major Damage,0,0.0,0,0,0,0,0,0,0,0,0,0
socal-fire_00000277,4,Destroyed,0,0.0,0,0,0,0,0,0,0,0,0,0
hurricane-michael_00000380,2,Minor Damage,0,0.0,0,0,0,0,0,0,0,0,0,0
hurricane-michael_00000380,3,Major Damage,0,0.0,0,0,0,0,0,0,0,0,0,0
hurricane-michael_00000380,4,Destroyed,0,0.0,0,0,0,0,0,0,0,0,0,0
hurricane-michael_00000196,2,Minor Damage,29441,2.8077125549316406,27,3150,211,1090.4074074074074,1053.0,0,0,0,0,0
hurricane-michael_00000196,3,Major Damage,20556,1.9603729248046875,20,3544,78,1027.8,1080.0,0,0,0,0,0
hurricane-michael_00000196,4,Destroyed,4590,0.43773651123046875,9,949,119,510.0,571.0,0,0,0,0,0
hurricane-michael_00000269,2,Minor Damage,6962,0.6639480590820312,6,3420,400,1160.3333333333333,819.5,0,0,0,0,0
hurricane-michael_00000269,3,Major Damage,5878,0.5605697631835938,4,1889,735,1469.5,1627.0,0,0,0,0,0
hurricane-michael_00000269,4,Destroyed,4893,0.4666328430175781,2,2688,2205,2446.5,2446.5,0,0,0,0,0
santa-rosa-wildfire_00000155,2,Minor Damage,1159,0.11053085327148438,1,1159,1159,1159.0,1159.0,0,0,0,0,0
santa-rosa-wildfire_00000155,3,Major Damage,0,0.0,0,0,0,0,0,0,0,0,0,0
santa-rosa-wildfire_00000155,4,Destroyed,206821,19.723987579345703,194,3960,36,1066.0876288659795,1027.0,0,0,0,0,2
santa-rosa-wildfire_00000320,2,Minor Damage,0,0.0,0,0,0,0,0,0,0,0,0,0
santa-rosa-wildfire_00000320,3,Major Damage,0,0.0,0,0,0,0,0,0,0,0,0,0
santa-rosa-wildfire_00000320,4,Destroyed,0,0.0,0,0,0,0,0,0,0,0,0,0
hurricane-harvey_00000515,2,Minor Damage,0,0.0,0,0,0,0,0,0,0,0,0,0
hurricane-harvey_00000515,3,Major Damage,0,0.0,0,0,0,0,0,0,0,0,0,0
hurricane-harvey_00000515,4,Destroyed,0,0.0,0,0,0,0,0,0,0,0,0,0
santa-rosa-wildfire_00000129,2,Minor Damage,583,0.055599212646484375,1,583,583,583.0,583.0,0,0,0,0,0
santa-rosa-wildfire_00000129,3,Major Damage,0,0.0,0,0,0,0,0,0,0,0,0,0
santa-rosa-wildfire_00000129,4,Destroyed,163855,15.62643051147461,97,4868,57,1689.2268041237114,1603.0,0,0,0,0,0
socal-fire_00000572,2,Minor Damage,0,0.0,0,0,0,0,0,0,0,0,0,0
socal-fire_00000572,3,Major Damage,0,0.0,0,0,0,0,0,0,0,0,0,0
socal-fire_00000572,4,Destroyed,0,0.0,0,0,0,0,0,0,0,0,0,0
palu-tsunami_00000189,2,Minor Damage,0,0.0,0,0,0,0,0,0,0,0,0,0
palu-tsunami_00000189,3,Major Damage,6482,0.6181716918945312,3,3739,1232,2160.6666666666665,1511.0,0,0,0,0,0
palu-tsunami_00000189,4,Destroyed,25376,2.4200439453125,15,5391,209,1691.7333333333333,1340.0,0,0,0,0,0
socal-fire_00000151,2,Minor Damage,0,0.0,0,0,0,0,0,0,0,0,0,0
socal-fire_00000151,3,Major Damage,0,0.0,0,0,0,0,0,0,0,0,0,0
socal-fire_00000151,4,Destroyed,0,0.0,0,0,0,0,0,0,0,0,0,0
santa-rosa-wildfire_00000103,2,Minor Damage,1570,0.14972686767578125,1,1570,1570,1570.0,1570.0,0,0,0,0,0
santa-rosa-wildfire_00000103,3,Major Damage,3351,0.3195762634277344,2,1779,1572,1675.5,1675.5,0,0,0,0,0
santa-rosa-wildfire_00000103,4,Destroyed,23253,2.217578887939453,24,4643,212,968.875,495.5,0,0,0,0,0
mexico-earthquake_00000096,2,Minor Damage,0,0.0,0,0,0,0,0,0,0,0,0,0
mexico-earthquake_00000096,3,Major Damage,0,0.0,0,0,0,0,0,0,0,0,0,0
mexico-earthquake_00000096,4,Destroyed,0,0.0,0,0,0,0,0,0,0,0,0,0
socal-fire_00000915,2,Minor Damage,0,0.0,0,0,0,0,0,0,0,0,0,0
socal-fire_00000915,3,Major Damage,0,0.0,0,0,0,0,0,0,0,0,0,0
socal-fire_00000915,4,Destroyed,0,0.0,0,0,0,0,0,0,0,0,0,0
santa-rosa-wildfire_00000250,2,Minor Damage,1036,0.0988006591796875,1,1036,1036,1036.0,1036.0,0,0,0,0,0
santa-rosa-wildfire_00000250,3,Major Damage,0,0.0,0,0,0,0,0,0,0,0,0,0
santa-rosa-wildfire_00000250,4,Destroyed,41152,3.924560546875,38,6780,128,1082.9473684210527,736.5,0,0,0,0,0
hurricane-harvey_00000344,2,Minor Damage,14796,1.4110565185546875,5,4393,2438,2959.2,2692.0,0,0,0,0,0
hurricane-harvey_00000344,3,Major Damage,0,0.0,0,0,0,0,0,0,0,0,0,0
hurricane-harvey_00000344,4,Destroyed,0,0.0,0,0,0,0,0,0,0,0,0,0
santa-rosa-wildfire_00000191,2,Minor Damage,0,0.0,0,0,0,0,0,0,0,0,0,0
santa-rosa-wildfire_00000191,3,Major Damage,0,0.0,0,0,0,0,0,0,0,0,0,0
santa-rosa-wildfire_00000191,4,Destroyed,5604,0.5344390869140625,7,1614,465,800.5714285714286,603.0,0,0,0,0,0
hurricane-harvey_00000261,2,Minor Damage,0,0.0,0,0,0,0,0,0,0,0,0,0
hurricane-harvey_00000261,3,Major Damage,5633,0.5372047424316406,6,1447,402,938.8333333333334,928.5,0,0,0,0,0
hurricane-harvey_00000261,4,Destroyed,0,0.0,0,0,0,0,0,0,0,0,0,0
hurricane-michael_00000208,2,Minor Damage,5214,0.49724578857421875,3,2139,1414,1738.0,1661.0,0,0,0,0,0
hurricane-michael_00000208,3,Major Damage,754,0.07190704345703125,1,754,754,754.0,754.0,0,0,0,0,0
hurricane-michael_00000208,4,Destroyed,0,0.0,0,0,0,0,0,0,0,0,0,0
socal-fire_00000923,2,Minor Damage,0,0.0,0,0,0,0,0,0,0,0,0,0
socal-fire_00000923,3,Major Damage,0,0.0,0,0,0,0,0,0,0,0,0,0
socal-fire_00000923,4,Destroyed,1594,0.15201568603515625,1,1594,1594,1594.0,1594.0,0,0,0,0,0
santa-rosa-wildfire_00000249,2,Minor Damage,0,0.0,0,0,0,0,0,0,0,0,0,0
santa-rosa-wildfire_00000249,3,Major Damage,0,0.0,0,0,0,0,0,0,0,0,0,0
santa-rosa-wildfire_00000249,4,Destroyed,10578,1.0087966918945312,9,2809,250,1175.3333333333333,937.0,0,0,0,0,0
socal-fire_00000252,2,Minor Damage,0,0.0,0,0,0,0,0,0,0,0,0,0
socal-fire_00000252,3,Major Damage,0,0.0,0,0,0,0,0,0,0,0,0,0
socal-fire_00000252,4,Destroyed,0,0.0,0,0,0,0,0,0,0,0,0,0
hurricane-matthew_00000102,2,Minor Damage,10152,0.968170166015625,32,1218,88,317.25,262.5,0,0,0,0,0
hurricane-matthew_00000102,3,Major Damage,1957,0.18663406372070312,6,1134,100,326.1666666666667,138.0,0,0,0,0,0
hurricane-matthew_00000102,4,Destroyed,210,0.02002716064453125,1,210,210,210.0,210.0,0,0,0,0,0
hurricane-michael_00000003,2,Minor Damage,52146,4.973030090332031,31,2483,200,1682.1290322580646,1356.0,0,0,0,0,0
hurricane-michael_00000003,3,Major Damage,3440,0.32806396484375,3,1278,979,1146.6666666666667,1183.0,0,0,0,0,0
hurricane-michael_00000003,4,Destroyed,323,0.030803680419921875,1,323,323,323.0,323.0,0,0,0,0,0
palu-tsunami_00000178,2,Minor Damage,0,0.0,0,0,0,0,0,0,0,0,0,0
palu-tsunami_00000178,3,Major Damage,1669,0.15916824340820312,1,1669,1669,1669.0,1669.0,0,0,0,0,0
palu-tsunami_00000178,4,Destroyed,126879,12.10012435913086,67,10246,42,1893.7164179104477,1304.0,0,0,0,0,1
hurricane-harvey_00000157,2,Minor Damage,0,0.0,0,0,0,0,0,0,0,0,0,0
hurricane-harvey_00000157,3,Major Damage,262,0.02498626708984375,1,262,262,262.0,262.0,0,0,0,0,0
hurricane-harvey_00000157,4,Destroyed,0,0.0,0,0,0,0,0,0,0,0,0,0
hurricane-florence_00000008,2,Minor Damage,0,0.0,0,0,0,0,0,0,0,0,0,0
hurricane-florence_00000008,3,Major Damage,0,0.0,0,0,0,0,0,0,0,0,0,0
hurricane-florence_00000008,4,Destroyed,0,0.0,0,0,0,0,0,0,0,0,0,0
hurricane-harvey_00000440,2,Minor Damage,24966,2.3809432983398438,15,2759,246,1664.4,1801.0,0,0,0,0,0
hurricane-harvey_00000440,3,Major Damage,97118,9.261894226074219,37,3809,294,2624.810810810811,3060.0,0,0,0,0,0
hurricane-harvey_00000440,4,Destroyed,0,0.0,0,0,0,0,0,0,0,0,0,0
hurricane-michael_00000172,2,Minor Damage,44409,4.235172271728516,37,2106,482,1200.2432432432433,1188.0,0,0,0,0,0
hurricane-michael_00000172,3,Major Damage,5603,0.5343437194824219,5,1425,491,1120.6,1205.0,0,0,0,0,0
hurricane-michael_00000172,4,Destroyed,0,0.0,0,0,0,0,0,0,0,0,0,0
midwest-flooding_00000444,2,Minor Damage,0,0.0,0,0,0,0,0,0,0,0,0,0
midwest-flooding_00000444,3,Major Damage,158,0.01506805419921875,1,158,158,158.0,158.0,0,0,0,0,0
midwest-flooding_00000444,4,Destroyed,0,0.0,0,0,0,0,0,0,0,0,0,0
socal-fire_00000079,2,Minor Damage,0,0.0,0,0,0,0,0,0,0,0,0,0
socal-fire_00000079,3,Major Damage,0,0.0,0,0,0,0,0,0,0,0,0,0
socal-fire_00000079,4,Destroyed,0,0.0,0,0,0,0,0,0,0,0,0,0
midwest-flooding_00000346,2,Minor Damage,2840,0.270843505859375,3,2149,218,946.6666666666666,473.0,0,0,0,0,0
midwest-flooding_00000346,3,Major Damage,16773,1.5995979309082031,3,7885,3956,5591.0,4932.0,0,0,0,0,0
midwest-flooding_00000346,4,Destroyed,4129,0.3937721252441406,1,4129,4129,4129.0,4129.0,0,0,0,0,0
hurricane-matthew_00000232,2,Minor Damage,190,0.01811981201171875,1,190,190,190.0,190.0,0,0,0,0,0
hurricane-matthew_00000232,3,Major Damage,260,0.0247955322265625,1,260,260,260.0,260.0,0,0,0,0,0
hurricane-matthew_00000232,4,Destroyed,260,0.0247955322265625,1,260,260,260.0,260.0,0,0,0,0,0
palu-tsunami_00000102,2,Minor Damage,0,0.0,0,0,0,0,0,0,0,0,0,0
palu-tsunami_00000102,3,Major Damage,0,0.0,0,0,0,0,0,0,0,0,0,0
palu-tsunami_00000102,4,Destroyed,0,0.0,0,0,0,0,0,0,0,0,0,0
santa-rosa-wildfire_00000185,2,Minor Damage,0,0.0,0,0,0,0,0,0,0,0,0,0
santa-rosa-wildfire_00000185,3,Major Damage,0,0.0,0,0,0,0,0,0,0,0,0,0
santa-rosa-wildfire_00000185,4,Destroyed,0,0.0,0,0,0,0,0,0,0,0,0,0
hurricane-florence_00000478,2,Minor Damage,0,0.0,0,0,0,0,0,0,0,0,0,0
hurricane-florence_00000478,3,Major Damage,1177,0.11224746704101562,2,957,220,588.5,588.5,0,0,0,0,0
hurricane-florence_00000478,4,Destroyed,0,0.0,0,0,0,0,0,0,0,0,0,0
socal-fire_00001107,2,Minor Damage,0,0.0,0,0,0,0,0,0,0,0,0,0
socal-fire_00001107,3,Major Damage,0,0.0,0,0,0,0,0,0,0,0,0,0
socal-fire_00001107,4,Destroyed,0,0.0,0,0,0,0,0,0,0,0,0,0
socal-fire_00001283,2,Minor Damage,0,0.0,0,0,0,0,0,0,0,0,0,0
socal-fire_00001283,3,Major Damage,0,0.0,0,0,0,0,0,0,0,0,0,0
socal-fire_00001283,4,Destroyed,0,0.0,0,0,0,0,0,0,0,0,0,0
hurricane-florence_00000320,2,Minor Damage,2229,0.21257400512695312,1,2229,2229,2229.0,2229.0,0,0,0,0,0
hurricane-florence_00000320,3,Major Damage,0,0.0,0,0,0,0,0,0,0,0,0,0
hurricane-florence_00000320,4,Destroyed,0,0.0,0,0,0,0,0,0,0,0,0,0
hurricane-florence_00000146,2,Minor Damage,0,0.0,0,0,0,0,0,0,0,0,0,0
hurricane-florence_00000146,3,Major Damage,2019,0.19254684448242188,4,1033,105,504.75,440.5,0,0,0,0,0
hurricane-florence_00000146,4,Destroyed,0,0.0,0,0,0,0,0,0,0,0,0,0
hurricane-harvey_00000439,2,Minor Damage,88608,8.4503173828125,41,5198,168,2161.170731707317,1656.0,0,0,0,0,0
hurricane-harvey_00000439,3,Major Damage,218798,20.86620330810547,138,4069,216,1585.4927536231885,1687.0,0,0,0,0,0
hurricane-harvey_00000439,4,Destroyed,0,0.0,0,0,0,0,0,0,0,0,0,0
hurricane-matthew_00000261,2,Minor Damage,937,0.08935928344726562,4,286,189,234.25,231.0,0,0,0,0,0
hurricane-matthew_00000261,3,Major Damage,260,0.0247955322265625,1,260,260,260.0,260.0,0,0,0,0,0
hurricane-matthew_00000261,4,Destroyed,0,0.0,0,0,0,0,0,0,0,0,0,0
socal-fire_00001078,2,Minor Damage,0,0.0,0,0,0,0,0,0,0,0,0,0
socal-fire_00001078,3,Major Damage,0,0.0,0,0,0,0,0,0,0,0,0,0
socal-fire_00001078,4,Destroyed,278,0.02651214599609375,2,174,104,139.0,139.0,0,0,0,0,0
mexico-earthquake_00000047,2,Minor Damage,0,0.0,0,0,0,0,0,0,0,0,0,0
mexico-earthquake_00000047,3,Major Damage,0,0.0,0,0,0,0,0,0,0,0,0,0
mexico-earthquake_00000047,4,Destroyed,0,0.0,0,0,0,0,0,0,0,0,0,0
hurricane-michael_00000104,2,Minor Damage,8129,0.7752418518066406,7,1580,836,1161.2857142857142,1219.0,0,0,0,0,0
hurricane-michael_00000104,3,Major Damage,3894,0.37136077880859375,3,1840,430,1298.0,1624.0,0,0,0,0,0
hurricane-michael_00000104,4,Destroyed,663,0.06322860717773438,1,663,663,663.0,663.0,0,0,0,0,0
socal-fire_00000969,2,Minor Damage,0,0.0,0,0,0,0,0,0,0,0,0,0
socal-fire_00000969,3,Major Damage,0,0.0,0,0,0,0,0,0,0,0,0,0
socal-fire_00000969,4,Destroyed,0,0.0,0,0,0,0,0,0,0,0,0,0
midwest-flooding_00000024,2,Minor Damage,0,0.0,0,0,0,0,0,0,0,0,0,0
midwest-flooding_00000024,3,Major Damage,0,0.0,0,0,0,0,0,0,0,0,0,0
midwest-flooding_00000024,4,Destroyed,0,0.0,0,0,0,0,0,0,0,0,0,0
socal-fire_00000237,2,Minor Damage,0,0.0,0,0,0,0,0,0,0,0,0,0
socal-fire_00000237,3,Major Damage,0,0.0,0,0,0,0,0,0,0,0,0,0
socal-fire_00000237,4,Destroyed,0,0.0,0,0,0,0,0,0,0,0,0,0
hurricane-michael_00000430,2,Minor Damage,3777,0.3602027893066406,1,3777,3777,3777.0,3777.0,0,0,0,0,0
hurricane-michael_00000430,3,Major Damage,55621,5.304431915283203,3,20277,15482,18540.333333333332,19862.0,0,0,0,0,0
hurricane-michael_00000430,4,Destroyed,0,0.0,0,0,0,0,0,0,0,0,0,0
hurricane-harvey_00000016,2,Minor Damage,0,0.0,0,0,0,0,0,0,0,0,0,0
hurricane-harvey_00000016,3,Major Damage,0,0.0,0,0,0,0,0,0,0,0,0,0
hurricane-harvey_00000016,4,Destroyed,0,0.0,0,0,0,0,0,0,0,0,0,0
hurricane-matthew_00000066,2,Minor Damage,67651,6.451702117919922,125,2320,87,541.208,350.0,0,0,0,0,0
hurricane-matthew_00000066,3,Major Damage,778,0.07419586181640625,2,437,341,389.0,389.0,0,0,0,0,0
hurricane-matthew_00000066,4,Destroyed,0,0.0,0,0,0,0,0,0,0,0,0,0
santa-rosa-wildfire_00000309,2,Minor Damage,0,0.0,0,0,0,0,0,0,0,0,0,0
santa-rosa-wildfire_00000309,3,Major Damage,0,0.0,0,0,0,0,0,0,0,0,0,0
santa-rosa-wildfire_00000309,4,Destroyed,0,0.0,0,0,0,0,0,0,0,0,0,0
socal-fire_00000203,2,Minor Damage,0,0.0,0,0,0,0,0,0,0,0,0,0
socal-fire_00000203,3,Major Damage,0,0.0,0,0,0,0,0,0,0,0,0,0
socal-fire_00000203,4,Destroyed,0,0.0,0,0,0,0,0,0,0,0,0,0
socal-fire_00000960,2,Minor Damage,0,0.0,0,0,0,0,0,0,0,0,0,0
socal-fire_00000960,3,Major Damage,0,0.0,0,0,0,0,0,0,0,0,0,0
socal-fire_00000960,4,Destroyed,0,0.0,0,0,0,0,0,0,0,0,0,0
santa-rosa-wildfire_00000101,2,Minor Damage,0,0.0,0,0,0,0,0,0,0,0,0,0
santa-rosa-wildfire_00000101,3,Major Damage,0,0.0,0,0,0,0,0,0,0,0,0,0
santa-rosa-wildfire_00000101,4,Destroyed,0,0.0,0,0,0,0,0,0,0,0,0,0
socal-fire_00000767,2,Minor Damage,0,0.0,0,0,0,0,0,0,0,0,0,0
socal-fire_00000767,3,Major Damage,0,0.0,0,0,0,0,0,0,0,0,0,0
socal-fire_00000767,4,Destroyed,0,0.0,0,0,0,0,0,0,0,0,0,0
santa-rosa-wildfire_00000251,2,Minor Damage,0,0.0,0,0,0,0,0,0,0,0,0,0
santa-rosa-wildfire_00000251,3,Major Damage,0,0.0,0,0,0,0,0,0,0,0,0,0
santa-rosa-wildfire_00000251,4,Destroyed,40054,3.8198471069335938,32,5358,120,1251.6875,1106.0,0,0,0,0,0
mexico-earthquake_00000126,2,Minor Damage,0,0.0,0,0,0,0,0,0,0,0,0,0
mexico-earthquake_00000126,3,Major Damage,0,0.0,0,0,0,0,0,0,0,0,0,0
mexico-earthquake_00000126,4,Destroyed,0,0.0,0,0,0,0,0,0,0,0,0,0
socal-fire_00000727,2,Minor Damage,0,0.0,0,0,0,0,0,0,0,0,0,0
socal-fire_00000727,3,Major Damage,0,0.0,0,0,0,0,0,0,0,0,0,0
socal-fire_00000727,4,Destroyed,0,0.0,0,0,0,0,0,0,0,0,0,0
socal-fire_00001233,2,Minor Damage,0,0.0,0,0,0,0,0,0,0,0,0,0
socal-fire_00001233,3,Major Damage,0,0.0,0,0,0,0,0,0,0,0,0,0
socal-fire_00001233,4,Destroyed,0,0.0,0,0,0,0,0,0,0,0,0,0
hurricane-michael_00000458,2,Minor Damage,13997,1.3348579406738281,12,1713,249,1166.4166666666667,1307.0,0,0,0,0,0
hurricane-michael_00000458,3,Major Damage,0,0.0,0,0,0,0,0,0,0,0,0,0
hurricane-michael_00000458,4,Destroyed,0,0.0,0,0,0,0,0,0,0,0,0,0
mexico-earthquake_00000009,2,Minor Damage,0,0.0,0,0,0,0,0,0,0,0,0,0
mexico-earthquake_00000009,3,Major Damage,0,0.0,0,0,0,0,0,0,0,0,0,0
mexico-earthquake_00000009,4,Destroyed,0,0.0,0,0,0,0,0,0,0,0,0,0
guatemala-volcano_00000001,2,Minor Damage,2609,0.24881362915039062,4,1015,315,652.25,639.5,0,0,0,0,0
guatemala-volcano_00000001,3,Major Damage,0,0.0,0,0,0,0,0,0,0,0,0,0
guatemala-volcano_00000001,4,Destroyed,0,0.0,0,0,0,0,0,0,0,0,0,0
socal-fire_00000464,2,Minor Damage,0,0.0,0,0,0,0,0,0,0,0,0,0
socal-fire_00000464,3,Major Damage,0,0.0,0,0,0,0,0,0,0,0,0,0
socal-fire_00000464,4,Destroyed,0,0.0,0,0,0,0,0,0,0,0,0,0
palu-tsunami_00000048,2,Minor Damage,0,0.0,0,0,0,0,0,0,0,0,0,0
palu-tsunami_00000048,3,Major Damage,1587,0.15134811401367188,1,1587,1587,1587.0,1587.0,0,0,0,0,0
palu-tsunami_00000048,4,Destroyed,2636,0.2513885498046875,7,931,122,376.57142857142856,264.0,0,0,0,0,0
hurricane-michael_00000543,2,Minor Damage,2477,0.23622512817382812,2,1470,1007,1238.5,1238.5,0,0,0,0,0
hurricane-michael_00000543,3,Major Damage,0,0.0,0,0,0,0,0,0,0,0,0,0
hurricane-michael_00000543,4,Destroyed,0,0.0,0,0,0,0,0,0,0,0,0,0
hurricane-matthew_00000090,2,Minor Damage,16406,1.5645980834960938,36,1531,51,455.72222222222223,364.0,0,0,0,0,0
hurricane-matthew_00000090,3,Major Damage,4172,0.3978729248046875,6,1141,368,695.3333333333334,673.0,0,0,0,0,0
hurricane-matthew_00000090,4,Destroyed,958,0.09136199951171875,4,303,171,239.5,242.0,0,0,0,0,0
socal-fire_00000955,2,Minor Damage,0,0.0,0,0,0,0,0,0,0,0,0,0
socal-fire_00000955,3,Major Damage,0,0.0,0,0,0,0,0,0,0,0,0,0
socal-fire_00000955,4,Destroyed,0,0.0,0,0,0,0,0,0,0,0,0,0
palu-tsunami_00000142,2,Minor Damage,0,0.0,0,0,0,0,0,0,0,0,0,0
palu-tsunami_00000142,3,Major Damage,310,0.02956390380859375,1,310,310,310.0,310.0,0,0,0,0,0
palu-tsunami_00000142,4,Destroyed,5654,0.5392074584960938,11,1111,81,514.0,462.0,0,0,0,0,0
hurricane-matthew_00000211,2,Minor Damage,1546,0.14743804931640625,5,401,231,309.2,290.0,0,0,0,0,0
hurricane-matthew_00000211,3,Major Damage,793,0.07562637329101562,3,363,144,264.3333333333333,286.0,0,0,0,0,0
hurricane-matthew_00000211,4,Destroyed,3716,0.3543853759765625,22,271,33,168.9090909090909,186.5,0,0,0,0,1
hurricane-harvey_00000292,2,Minor Damage,0,0.0,0,0,0,0,0,0,0,0,0,0
hurricane-harvey_00000292,3,Major Damage,0,0.0,0,0,0,0,0,0,0,0,0,0
hurricane-harvey_00000292,4,Destroyed,0,0.0,0,0,0,0,0,0,0,0,0,0
socal-fire_00000507,2,Minor Damage,0,0.0,0,0,0,0,0,0,0,0,0,0
socal-fire_00000507,3,Major Damage,0,0.0,0,0,0,0,0,0,0,0,0,0
socal-fire_00000507,4,Destroyed,0,0.0,0,0,0,0,0,0,0,0,0,0
hurricane-michael_00000514,2,Minor Damage,1246,0.11882781982421875,1,1246,1246,1246.0,1246.0,0,0,0,0,0
hurricane-michael_00000514,3,Major Damage,3766,0.35915374755859375,1,3766,3766,3766.0,3766.0,0,0,0,0,0
hurricane-michael_00000514,4,Destroyed,0,0.0,0,0,0,0,0,0,0,0,0,0
palu-tsunami_00000020,2,Minor Damage,0,0.0,0,0,0,0,0,0,0,0,0,0
palu-tsunami_00000020,3,Major Damage,4368,0.41656494140625,2,3960,408,2184.0,2184.0,0,0,0,0,0
palu-tsunami_00000020,4,Destroyed,44981,4.289722442626953,29,7529,63,1551.0689655172414,839.0,0,0,0,0,0
mexico-earthquake_00000153,2,Minor Damage,0,0.0,0,0,0,0,0,0,0,0,0,0
mexico-earthquake_00000153,3,Major Damage,0,0.0,0,0,0,0,0,0,0,0,0,0
mexico-earthquake_00000153,4,Destroyed,0,0.0,0,0,0,0,0,0,0,0,0,0
palu-tsunami_00000061,2,Minor Damage,0,0.0,0,0,0,0,0,0,0,0,0,0
palu-tsunami_00000061,3,Major Damage,0,0.0,0,0,0,0,0,0,0,0,0,0
palu-tsunami_00000061,4,Destroyed,0,0.0,0,0,0,0,0,0,0,0,0,0
mexico-earthquake_00000041,2,Minor Damage,0,0.0,0,0,0,0,0,0,0,0,0,0
mexico-earthquake_00000041,3,Major Damage,0,0.0,0,0,0,0,0,0,0,0,0,0
mexico-earthquake_00000041,4,Destroyed,0,0.0,0,0,0,0,0,0,0,0,0,0
socal-fire_00000169,2,Minor Damage,0,0.0,0,0,0,0,0,0,0,0,0,0
socal-fire_00000169,3,Major Damage,0,0.0,0,0,0,0,0,0,0,0,0,0
socal-fire_00000169,4,Destroyed,0,0.0,0,0,0,0,0,0,0,0,0,0
hurricane-michael_00000541,2,Minor Damage,3070,0.29277801513671875,1,3070,3070,3070.0,3070.0,0,0,0,0,0
hurricane-michael_00000541,3,Major Damage,3429,0.3270149230957031,1,3429,3429,3429.0,3429.0,0,0,0,0,0
hurricane-michael_00000541,4,Destroyed,0,0.0,0,0,0,0,0,0,0,0,0,0
hurricane-harvey_00000275,2,Minor Damage,0,0.0,0,0,0,0,0,0,0,0,0,0
hurricane-harvey_00000275,3,Major Damage,6348,0.6053924560546875,5,2739,163,1269.6,1210.0,0,0,0,0,0
hurricane-harvey_00000275,4,Destroyed,298,0.02841949462890625,3,113,92,99.33333333333333,93.0,0,0,0,0,0
mexico-earthquake_00000074,2,Minor Damage,8060,0.7686614990234375,7,2862,73,1151.4285714285713,841.0,0,0,0,0,0
mexico-earthquake_00000074,3,Major Damage,0,0.0,0,0,0,0,0,0,0,0,0,0
mexico-earthquake_00000074,4,Destroyed,0,0.0,0,0,0,0,0,0,0,0,0,0
mexico-earthquake_00000182,2,Minor Damage,0,0.0,0,0,0,0,0,0,0,0,0,0
mexico-earthquake_00000182,3,Major Damage,0,0.0,0,0,0,0,0,0,0,0,0,0
mexico-earthquake_00000182,4,Destroyed,0,0.0,0,0,0,0,0,0,0,0,0,0
hurricane-florence_00000461,2,Minor Damage,0,0.0,0,0,0,0,0,0,0,0,0,0
hurricane-florence_00000461,3,Major Damage,13672,1.303863525390625,12,5244,98,1139.3333333333333,313.0,0,0,0,0,0
hurricane-florence_00000461,4,Destroyed,0,0.0,0,0,0,0,0,0,0,0,0,0
santa-rosa-wildfire_00000027,2,Minor Damage,161,0.015354156494140625,1,161,161,161.0,161.0,0,0,0,0,0
santa-rosa-wildfire_00000027,3,Major Damage,0,0.0,0,0,0,0,0,0,0,0,0,0
santa-rosa-wildfire_00000027,4,Destroyed,31763,3.029155731201172,14,4875,177,2268.785714285714,2431.0,0,0,0,0,0
midwest-flooding_00000206,2,Minor Damage,1862,0.17757415771484375,1,1862,1862,1862.0,1862.0,0,0,0,0,0
midwest-flooding_00000206,3,Major Damage,2192,0.20904541015625,2,1427,765,1096.0,1096.0,0,0,0,0,0
midwest-flooding_00000206,4,Destroyed,0,0.0,0,0,0,0,0,0,0,0,0,0
hurricane-matthew_00000248,2,Minor Damage,1603,0.15287399291992188,8,262,139,200.375,198.5,0,0,0,0,0
hurricane-matthew_00000248,3,Major Damage,0,0.0,0,0,0,0,0,0,0,0,0,0
hurricane-matthew_00000248,4,Destroyed,1554,0.14820098876953125,9,216,100,172.66666666666666,184.0,0,0,0,0,0
socal-fire_00000397,2,Minor Damage,0,0.0,0,0,0,0,0,0,0,0,0,0
socal-fire_00000397,3,Major Damage,0,0.0,0,0,0,0,0,0,0,0,0,0
socal-fire_00000397,4,Destroyed,0,0.0,0,0,0,0,0,0,0,0,0,0
socal-fire_00000268,2,Minor Damage,108,0.0102996826171875,1,108,108,108.0,108.0,0,0,0,0,0
socal-fire_00000268,3,Major Damage,0,0.0,0,0,0,0,0,0,0,0,0,0
socal-fire_00000268,4,Destroyed,5791,0.5522727966308594,14,3053,49,413.64285714285717,157.0,0,0,0,0,1
guatemala-volcano_00000010,2,Minor Damage,0,0.0,0,0,0,0,0,0,0,0,0,0
guatemala-volcano_00000010,3,Major Damage,0,0.0,0,0,0,0,0,0,0,0,0,0
guatemala-volcano_00000010,4,Destroyed,68,0.0064849853515625,2,45,23,34.0,34.0,0,0,0,1,2
santa-rosa-wildfire_00000058,2,Minor Damage,0,0.0,0,0,0,0,0,0,0,0,0,0
santa-rosa-wildfire_00000058,3,Major Damage,0,0.0,0,0,0,0,0,0,0,0,0,0
santa-rosa-wildfire_00000058,4,Destroyed,71211,6.791210174560547,68,1955,113,1047.2205882352941,1027.5,0,0,0,0,0
hurricane-florence_00000309,2,Minor Damage,0,0.0,0,0,0,0,0,0,0,0,0,0
hurricane-florence_00000309,3,Major Damage,0,0.0,0,0,0,0,0,0,0,0,0,0
hurricane-florence_00000309,4,Destroyed,0,0.0,0,0,0,0,0,0,0,0,0,0
hurricane-michael_00000244,2,Minor Damage,0,0.0,0,0,0,0,0,0,0,0,0,0
hurricane-michael_00000244,3,Major Damage,0,0.0,0,0,0,0,0,0,0,0,0,0
hurricane-michael_00000244,4,Destroyed,0,0.0,0,0,0,0,0,0,0,0,0,0
hurricane-matthew_00000202,2,Minor Damage,386,0.03681182861328125,2,241,145,193.0,193.0,0,0,0,0,0
hurricane-matthew_00000202,3,Major Damage,1292,0.1232147216796875,5,360,89,258.4,310.0,0,0,0,0,0
hurricane-matthew_00000202,4,Destroyed,2688,0.25634765625,5,1732,85,537.6,292.0,0,0,0,0,0
midwest-flooding_00000352,2,Minor Damage,252,0.0240325927734375,1,252,252,252.0,252.0,0,0,0,0,0
midwest-flooding_00000352,3,Major Damage,0,0.0,0,0,0,0,0,0,0,0,0,0
midwest-flooding_00000352,4,Destroyed,0,0.0,0,0,0,0,0,0,0,0,0,0
hurricane-harvey_00000221,2,Minor Damage,0,0.0,0,0,0,0,0,0,0,0,0,0
hurricane-harvey_00000221,3,Major Damage,0,0.0,0,0,0,0,0,0,0,0,0,0
hurricane-harvey_00000221,4,Destroyed,1131,0.10786056518554688,4,720,41,282.75,185.0,0,0,0,0,1
socal-fire_00000204,2,Minor Damage,0,0.0,0,0,0,0,0,0,0,0,0,0
socal-fire_00000204,3,Major Damage,0,0.0,0,0,0,0,0,0,0,0,0,0
socal-fire_00000204,4,Destroyed,1304,0.124359130859375,1,1304,1304,1304.0,1304.0,0,0,0,0,0
santa-rosa-wildfire_00000059,2,Minor Damage,0,0.0,0,0,0,0,0,0,0,0,0,0
santa-rosa-wildfire_00000059,3,Major Damage,0,0.0,0,0,0,0,0,0,0,0,0,0
santa-rosa-wildfire_00000059,4,Destroyed,0,0.0,0,0,0,0,0,0,0,0,0,0
socal-fire_00000927,2,Minor Damage,0,0.0,0,0,0,0,0,0,0,0,0,0
socal-fire_00000927,3,Major Damage,0,0.0,0,0,0,0,0,0,0,0,0,0
socal-fire_00000927,4,Destroyed,0,0.0,0,0,0,0,0,0,0,0,0,0
midwest-flooding_00000085,2,Minor Damage,71,0.006771087646484375,1,71,71,71.0,71.0,0,0,0,0,0
midwest-flooding_00000085,3,Major Damage,0,0.0,0,0,0,0,0,0,0,0,0,0
midwest-flooding_00000085,4,Destroyed,0,0.0,0,0,0,0,0,0,0,0,0,0
santa-rosa-wildfire_00000047,2,Minor Damage,760,0.072479248046875,1,760,760,760.0,760.0,0,0,0,0,0
santa-rosa-wildfire_00000047,3,Major Damage,0,0.0,0,0,0,0,0,0,0,0,0,0
santa-rosa-wildfire_00000047,4,Destroyed,48597,4.634571075439453,34,4147,103,1429.3235294117646,1630.0,0,0,0,0,0
hurricane-harvey_00000170,2,Minor Damage,0,0.0,0,0,0,0,0,0,0,0,0,0
hurricane-harvey_00000170,3,Major Damage,0,0.0,0,0,0,0,0,0,0,0,0,0
hurricane-harvey_00000170,4,Destroyed,0,0.0,0,0,0,0,0,0,0,0,0,0
hurricane-florence_00000264,2,Minor Damage,846,0.08068084716796875,1,846,846,846.0,846.0,0,0,0,0,0
hurricane-florence_00000264,3,Major Damage,0,0.0,0,0,0,0,0,0,0,0,0,0
hurricane-florence_00000264,4,Destroyed,0,0.0,0,0,0,0,0,0,0,0,0,0
socal-fire_00000873,2,Minor Damage,0,0.0,0,0,0,0,0,0,0,0,0,0
socal-fire_00000873,3,Major Damage,0,0.0,0,0,0,0,0,0,0,0,0,0
socal-fire_00000873,4,Destroyed,0,0.0,0,0,0,0,0,0,0,0,0,0
socal-fire_00001162,2,Minor Damage,0,0.0,0,0,0,0,0,0,0,0,0,0
socal-fire_00001162,3,Major Damage,0,0.0,0,0,0,0,0,0,0,0,0,0
socal-fire_00001162,4,Destroyed,0,0.0,0,0,0,0,0,0,0,0,0,0
hurricane-michael_00000284,2,Minor Damage,39040,3.72314453125,26,5367,198,1501.5384615384614,1267.0,0,0,0,0,0
hurricane-michael_00000284,3,Major Damage,33065,3.1533241271972656,9,11338,961,3673.8888888888887,2001.0,0,0,0,0,0
hurricane-michael_00000284,4,Destroyed,0,0.0,0,0,0,0,0,0,0,0,0,0
socal-fire_00000810,2,Minor Damage,0,0.0,0,0,0,0,0,0,0,0,0,0
socal-fire_00000810,3,Major Damage,0,0.0,0,0,0,0,0,0,0,0,0,0
socal-fire_00000810,4,Destroyed,10046,0.9580612182617188,6,3602,265,1674.3333333333333,1540.0,0,0,0,0,0
hurricane-florence_00000168,2,Minor Damage,0,0.0,0,0,0,0,0,0,0,0,0,0
hurricane-florence_00000168,3,Major Damage,0,0.0,0,0,0,0,0,0,0,0,0,0
hurricane-florence_00000168,4,Destroyed,0,0.0,0,0,0,0,0,0,0,0,0,0
mexico-earthquake_00000191,2,Minor Damage,0,0.0,0,0,0,0,0,0,0,0,0,0
mexico-earthquake_00000191,3,Major Damage,0,0.0,0,0,0,0,0,0,0,0,0,0
mexico-earthquake_00000191,4,Destroyed,0,0.0,0,0,0,0,0,0,0,0,0,0
socal-fire_00000991,2,Minor Damage,0,0.0,0,0,0,0,0,0,0,0,0,0
socal-fire_00000991,3,Major Damage,0,0.0,0,0,0,0,0,0,0,0,0,0
socal-fire_00000991,4,Destroyed,0,0.0,0,0,0,0,0,0,0,0,0,0
palu-tsunami_00000000,2,Minor Damage,0,0.0,0,0,0,0,0,0,0,0,0,0
palu-tsunami_00000000,3,Major Damage,480,0.0457763671875,1,480,480,480.0,480.0,0,0,0,0,0
palu-tsunami_00000000,4,Destroyed,2804,0.2674102783203125,9,1252,80,311.55555555555554,176.0,0,0,0,0,0
socal-fire_00000187,2,Minor Damage,0,0.0,0,0,0,0,0,0,0,0,0,0
socal-fire_00000187,3,Major Damage,0,0.0,0,0,0,0,0,0,0,0,0,0
socal-fire_00000187,4,Destroyed,0,0.0,0,0,0,0,0,0,0,0,0,0
midwest-flooding_00000126,2,Minor Damage,0,0.0,0,0,0,0,0,0,0,0,0,0
midwest-flooding_00000126,3,Major Damage,0,0.0,0,0,0,0,0,0,0,0,0,0
midwest-flooding_00000126,4,Destroyed,0,0.0,0,0,0,0,0,0,0,0,0,0
hurricane-michael_00000402,2,Minor Damage,21524,2.0526885986328125,9,11647,395,2391.5555555555557,1597.0,0,0,0,0,0
hurricane-michael_00000402,3,Major Damage,7450,0.7104873657226562,3,5257,883,2483.3333333333335,1310.0,0,0,0,0,0
hurricane-michael_00000402,4,Destroyed,2537,0.24194717407226562,1,2537,2537,2537.0,2537.0,0,0,0,0,0
socal-fire_00001319,2,Minor Damage,0,0.0,0,0,0,0,0,0,0,0,0,0
socal-fire_00001319,3,Major Damage,0,0.0,0,0,0,0,0,0,0,0,0,0
socal-fire_00001319,4,Destroyed,0,0.0,0,0,0,0,0,0,0,0,0,0
hurricane-michael_00000392,2,Minor Damage,5303,0.5057334899902344,3,2764,651,1767.6666666666667,1888.0,0,0,0,0,0
hurricane-michael_00000392,3,Major Damage,0,0.0,0,0,0,0,0,0,0,0,0,0
hurricane-michael_00000392,4,Destroyed,0,0.0,0,0,0,0,0,0,0,0,0,0
mexico-earthquake_00000168,2,Minor Damage,0,0.0,0,0,0,0,0,0,0,0,0,0
mexico-earthquake_00000168,3,Major Damage,0,0.0,0,0,0,0,0,0,0,0,0,0
mexico-earthquake_00000168,4,Destroyed,0,0.0,0,0,0,0,0,0,0,0,0,0
midwest-flooding_00000436,2,Minor Damage,0,0.0,0,0,0,0,0,0,0,0,0,0
midwest-flooding_00000436,3,Major Damage,0,0.0,0,0,0,0,0,0,0,0,0,0
midwest-flooding_00000436,4,Destroyed,1438,0.13713836669921875,2,741,697,719.0,719.0,0,0,0,0,0
hurricane-matthew_00000222,2,Minor Damage,564,0.0537872314453125,3,275,97,188.0,192.0,0,0,0,0,0
hurricane-matthew_00000222,3,Major Damage,415,0.039577484130859375,2,211,204,207.5,207.5,0,0,0,0,0
hurricane-matthew_00000222,4,Destroyed,1831,0.17461776733398438,10,306,67,183.1,186.0,0,0,0,0,0
hurricane-florence_00000139,2,Minor Damage,0,0.0,0,0,0,0,0,0,0,0,0,0
hurricane-florence_00000139,3,Major Damage,4121,0.3930091857910156,7,1649,157,588.7142857142857,205.0,0,0,0,0,0
hurricane-florence_00000139,4,Destroyed,0,0.0,0,0,0,0,0,0,0,0,0,0
hurricane-michael_00000029,2,Minor Damage,0,0.0,0,0,0,0,0,0,0,0,0,0
hurricane-michael_00000029,3,Major Damage,0,0.0,0,0,0,0,0,0,0,0,0,0
hurricane-michael_00000029,4,Destroyed,0,0.0,0,0,0,0,0,0,0,0,0,0
hurricane-michael_00000056,2,Minor Damage,16310,1.5554428100585938,9,3851,1063,1812.2222222222222,1411.0,0,0,0,0,0
hurricane-michael_00000056,3,Major Damage,6515,0.6213188171386719,4,2216,1038,1628.75,1630.5,0,0,0,0,0
hurricane-michael_00000056,4,Destroyed,0,0.0,0,0,0,0,0,0,0,0,0,0
mexico-earthquake_00000019,2,Minor Damage,0,0.0,0,0,0,0,0,0,0,0,0,0
mexico-earthquake_00000019,3,Major Damage,0,0.0,0,0,0,0,0,0,0,0,0,0
mexico-earthquake_00000019,4,Destroyed,0,0.0,0,0,0,0,0,0,0,0,0,0
midwest-flooding_00000117,2,Minor Damage,198,0.01888275146484375,1,198,198,198.0,198.0,0,0,0,0,0
midwest-flooding_00000117,3,Major Damage,2837,0.2705574035644531,2,1424,1413,1418.5,1418.5,0,0,0,0,0
midwest-flooding_00000117,4,Destroyed,167,0.015926361083984375,1,167,167,167.0,167.0,0,0,0,0,0
santa-rosa-wildfire_00000225,2,Minor Damage,0,0.0,0,0,0,0,0,0,0,0,0,0
santa-rosa-wildfire_00000225,3,Major Damage,0,0.0,0,0,0,0,0,0,0,0,0,0
santa-rosa-wildfire_00000225,4,Destroyed,0,0.0,0,0,0,0,0,0,0,0,0,0
hurricane-matthew_00000264,2,Minor Damage,0,0.0,0,0,0,0,0,0,0,0,0,0
hurricane-matthew_00000264,3,Major Damage,0,0.0,0,0,0,0,0,0,0,0,0,0
hurricane-matthew_00000264,4,Destroyed,280,0.026702880859375,1,280,280,280.0,280.0,0,0,0,0,0
hurricane-michael_00000025,2,Minor Damage,0,0.0,0,0,0,0,0,0,0,0,0,0
hurricane-michael_00000025,3,Major Damage,0,0.0,0,0,0,0,0,0,0,0,0,0
hurricane-michael_00000025,4,Destroyed,0,0.0,0,0,0,0,0,0,0,0,0,0
santa-rosa-wildfire_00000293,2,Minor Damage,0,0.0,0,0,0,0,0,0,0,0,0,0
santa-rosa-wildfire_00000293,3,Major Damage,0,0.0,0,0,0,0,0,0,0,0,0,0
santa-rosa-wildfire_00000293,4,Destroyed,1631,0.15554428100585938,2,1233,398,815.5,815.5,0,0,0,0,0
hurricane-florence_00000269,2,Minor Damage,0,0.0,0,0,0,0,0,0,0,0,0,0
hurricane-florence_00000269,3,Major Damage,1223,0.11663436889648438,4,461,80,305.75,341.0,0,0,0,0,0
hurricane-florence_00000269,4,Destroyed,0,0.0,0,0,0,0,0,0,0,0,0,0
midwest-flooding_00000337,2,Minor Damage,0,0.0,0,0,0,0,0,0,0,0,0,0
midwest-flooding_00000337,3,Major Damage,0,0.0,0,0,0,0,0,0,0,0,0,0
midwest-flooding_00000337,4,Destroyed,0,0.0,0,0,0,0,0,0,0,0,0,0
hurricane-harvey_00000168,2,Minor Damage,0,0.0,0,0,0,0,0,0,0,0,0,0
hurricane-harvey_00000168,3,Major Damage,262245,25.009632110595703,149,40139,30,1760.03355704698,1446.0,0,0,0,0,1
hurricane-harvey_00000168,4,Destroyed,0,0.0,0,0,0,0,0,0,0,0,0,0
hurricane-harvey_00000517,2,Minor Damage,0,0.0,0,0,0,0,0,0,0,0,0,0
hurricane-harvey_00000517,3,Major Damage,13791,1.3152122497558594,6,5347,252,2298.5,2336.0,0,0,0,0,0
hurricane-harvey_00000517,4,Destroyed,0,0.0,0,0,0,0,0,0,0,0,0,0
socal-fire_00001179,2,Minor Damage,0,0.0,0,0,0,0,0,0,0,0,0,0
socal-fire_00001179,3,Major Damage,0,0.0,0,0,0,0,0,0,0,0,0,0
socal-fire_00001179,4,Destroyed,0,0.0,0,0,0,0,0,0,0,0,0,0
hurricane-michael_00000204,2,Minor Damage,66570,6.348609924316406,61,4498,63,1091.311475409836,904.0,0,0,0,0,0
hurricane-michael_00000204,3,Major Damage,8736,0.8331298828125,5,1984,1391,1747.2,1836.0,0,0,0,0,0
hurricane-michael_00000204,4,Destroyed,3321,0.3167152404785156,8,952,59,415.125,312.0,0,0,0,0,0
palu-tsunami_00000084,2,Minor Damage,0,0.0,0,0,0,0,0,0,0,0,0,0
palu-tsunami_00000084,3,Major Damage,0,0.0,0,0,0,0,0,0,0,0,0,0
palu-tsunami_00000084,4,Destroyed,0,0.0,0,0,0,0,0,0,0,0,0,0
midwest-flooding_00000003,2,Minor Damage,3086,0.29430389404296875,2,1812,1274,1543.0,1543.0,0,0,0,0,0
midwest-flooding_00000003,3,Major Damage,0,0.0,0,0,0,0,0,0,0,0,0,0
midwest-flooding_00000003,4,Destroyed,0,0.0,0,0,0,0,0,0,0,0,0,0
hurricane-matthew_00000134,2,Minor Damage,10678,1.0183334350585938,15,1469,195,711.8666666666667,675.0,0,0,0,0,0
hurricane-matthew_00000134,3,Major Damage,2916,0.2780914306640625,1,2916,2916,2916.0,2916.0,0,0,0,0,0
hurricane-matthew_00000134,4,Destroyed,218,0.02079010009765625,1,218,218,218.0,218.0,0,0,0,0,0
hurricane-florence_00000147,2,Minor Damage,0,0.0,0,0,0,0,0,0,0,0,0,0
hurricane-florence_00000147,3,Major Damage,0,0.0,0,0,0,0,0,0,0,0,0,0
hurricane-florence_00000147,4,Destroyed,3530,0.33664703369140625,4,1577,338,882.5,807.5,0,0,0,0,0
palu-tsunami_00000087,2,Minor Damage,0,0.0,0,0,0,0,0,0,0,0,0,0
palu-tsunami_00000087,3,Major Damage,0,0.0,0,0,0,0,0,0,0,0,0,0
palu-tsunami_00000087,4,Destroyed,268,0.0255584716796875,2,183,85,134.0,134.0,0,0,0,0,0
hurricane-matthew_00000119,2,Minor Damage,0,0.0,0,0,0,0,0,0,0,0,0,0
hurricane-matthew_00000119,3,Major Damage,0,0.0,0,0,0,0,0,0,0,0,0,0
hurricane-matthew_00000119,4,Destroyed,232,0.022125244140625,1,232,232,232.0,232.0,0,0,0,0,0
hurricane-matthew_00000009,2,Minor Damage,4429,0.4223823547363281,14,802,92,316.35714285714283,283.0,0,0,0,0,0
hurricane-matthew_00000009,3,Major Damage,0,0.0,0,0,0,0,0,0,0,0,0,0
hurricane-matthew_00000009,4,Destroyed,164,0.0156402587890625,1,164,164,164.0,164.0,0,0,0,0,0
hurricane-michael_00000122,2,Minor Damage,0,0.0,0,0,0,0,0,0,0,0,0,0
hurricane-michael_00000122,3,Major Damage,0,0.0,0,0,0,0,0,0,0,0,0,0
hurricane-michael_00000122,4,Destroyed,967,0.09222030639648438,1,967,967,967.0,967.0,0,0,0,0,0
hurricane-harvey_00000491,2,Minor Damage,85964,8.198165893554688,23,14766,169,3737.5652173913045,2050.0,0,0,0,0,0
hurricane-harvey_00000491,3,Major Damage,185560,17.696380615234375,60,17787,251,3092.6666666666665,2234.0,0,0,0,0,0
hurricane-harvey_00000491,4,Destroyed,214,0.02040863037109375,1,214,214,214.0,214.0,0,0,0,0,0
socal-fire_00000965,2,Minor Damage,0,0.0,0,0,0,0,0,0,0,0,0,0
socal-fire_00000965,3,Major Damage,0,0.0,0,0,0,0,0,0,0,0,0,0
socal-fire_00000965,4,Destroyed,0,0.0,0,0,0,0,0,0,0,0,0,0
socal-fire_00000540,2,Minor Damage,0,0.0,0,0,0,0,0,0,0,0,0,0
socal-fire_00000540,3,Major Damage,0,0.0,0,0,0,0,0,0,0,0,0,0
socal-fire_00000540,4,Destroyed,0,0.0,0,0,0,0,0,0,0,0,0,0
midwest-flooding_00000144,2,Minor Damage,0,0.0,0,0,0,0,0,0,0,0,0,0
midwest-flooding_00000144,3,Major Damage,5708,0.5443572998046875,2,3056,2652,2854.0,2854.0,0,0,0,0,0
midwest-flooding_00000144,4,Destroyed,0,0.0,0,0,0,0,0,0,0,0,0,0
hurricane-harvey_00000134,2,Minor Damage,18566,1.7705917358398438,17,2394,210,1092.1176470588234,1170.0,0,0,0,0,0
hurricane-harvey_00000134,3,Major Damage,0,0.0,0,0,0,0,0,0,0,0,0,0
hurricane-harvey_00000134,4,Destroyed,0,0.0,0,0,0,0,0,0,0,0,0,0
hurricane-michael_00000211,2,Minor Damage,80699,7.696056365966797,50,15562,169,1613.98,945.5,0,0,0,0,0
hurricane-michael_00000211,3,Major Damage,15783,1.5051841735839844,5,5117,607,3156.6,3792.0,0,0,0,0,0
hurricane-michael_00000211,4,Destroyed,11730,1.1186599731445312,17,2521,119,690.0,534.0,0,0,0,0,0
hurricane-matthew_00000347,2,Minor Damage,10058,0.9592056274414062,18,2323,88,558.7777777777778,398.0,0,0,0,0,0
hurricane-matthew_00000347,3,Major Damage,2553,0.24347305297851562,3,1177,257,851.0,1119.0,0,0,0,0,0
hurricane-matthew_00000347,4,Destroyed,1545,0.14734268188476562,6,466,136,257.5,230.5,0,0,0,0,0
midwest-flooding_00000168,2,Minor Damage,0,0.0,0,0,0,0,0,0,0,0,0,0
midwest-flooding_00000168,3,Major Damage,0,0.0,0,0,0,0,0,0,0,0,0,0
midwest-flooding_00000168,4,Destroyed,520,0.049591064453125,1,520,520,520.0,520.0,0,0,0,0,0
hurricane-florence_00000277,2,Minor Damage,0,0.0,0,0,0,0,0,0,0,0,0,0
hurricane-florence_00000277,3,Major Damage,0,0.0,0,0,0,0,0,0,0,0,0,0
hurricane-florence_00000277,4,Destroyed,0,0.0,0,0,0,0,0,0,0,0,0,0
midwest-flooding_00000209,2,Minor Damage,0,0.0,0,0,0,0,0,0,0,0,0,0
midwest-flooding_00000209,3,Major Damage,0,0.0,0,0,0,0,0,0,0,0,0,0
midwest-flooding_00000209,4,Destroyed,0,0.0,0,0,0,0,0,0,0,0,0,0
mexico-earthquake_00000035,2,Minor Damage,0,0.0,0,0,0,0,0,0,0,0,0,0
mexico-earthquake_00000035,3,Major Damage,0,0.0,0,0,0,0,0,0,0,0,0,0
mexico-earthquake_00000035,4,Destroyed,0,0.0,0,0,0,0,0,0,0,0,0,0
hurricane-florence_00000293,2,Minor Damage,0,0.0,0,0,0,0,0,0,0,0,0,0
hurricane-florence_00000293,3,Major Damage,0,0.0,0,0,0,0,0,0,0,0,0,0
hurricane-florence_00000293,4,Destroyed,0,0.0,0,0,0,0,0,0,0,0,0,0
hurricane-harvey_00000299,2,Minor Damage,0,0.0,0,0,0,0,0,0,0,0,0,0
hurricane-harvey_00000299,3,Major Damage,141,0.013446807861328125,1,141,141,141.0,141.0,0,0,0,0,0
hurricane-harvey_00000299,4,Destroyed,0,0.0,0,0,0,0,0,0,0,0,0,0
santa-rosa-wildfire_00000017,2,Minor Damage,0,0.0,0,0,0,0,0,0,0,0,0,0
santa-rosa-wildfire_00000017,3,Major Damage,0,0.0,0,0,0,0,0,0,0,0,0,0
santa-rosa-wildfire_00000017,4,Destroyed,1672,0.159454345703125,1,1672,1672,1672.0,1672.0,0,0,0,0,0
hurricane-harvey_00000443,2,Minor Damage,115924,11.055374145507812,2,76903,39021,57962.0,57962.0,0,0,0,0,0
hurricane-harvey_00000443,3,Major Damage,0,0.0,0,0,0,0,0,0,0,0,0,0
hurricane-harvey_00000443,4,Destroyed,0,0.0,0,0,0,0,0,0,0,0,0,0
socal-fire_00000496,2,Minor Damage,0,0.0,0,0,0,0,0,0,0,0,0,0
socal-fire_00000496,3,Major Damage,0,0.0,0,0,0,0,0,0,0,0,0,0
socal-fire_00000496,4,Destroyed,0,0.0,0,0,0,0,0,0,0,0,0,0
socal-fire_00000692,2,Minor Damage,0,0.0,0,0,0,0,0,0,0,0,0,0
socal-fire_00000692,3,Major Damage,0,0.0,0,0,0,0,0,0,0,0,0,0
socal-fire_00000692,4,Destroyed,13711,1.3075828552246094,10,2697,248,1371.1,1248.0,0,0,0,0,0
midwest-flooding_00000236,2,Minor Damage,1011,0.09641647338867188,1,1011,1011,1011.0,1011.0,0,0,0,0,0
midwest-flooding_00000236,3,Major Damage,0,0.0,0,0,0,0,0,0,0,0,0,0
midwest-flooding_00000236,4,Destroyed,0,0.0,0,0,0,0,0,0,0,0,0,0
hurricane-florence_00000245,2,Minor Damage,4134,0.39424896240234375,3,3375,123,1378.0,636.0,0,0,0,0,0
hurricane-florence_00000245,3,Major Damage,0,0.0,0,0,0,0,0,0,0,0,0,0
hurricane-florence_00000245,4,Destroyed,0,0.0,0,0,0,0,0,0,0,0,0,0
socal-fire_00000445,2,Minor Damage,0,0.0,0,0,0,0,0,0,0,0,0,0
socal-fire_00000445,3,Major Damage,0,0.0,0,0,0,0,0,0,0,0,0,0
socal-fire_00000445,4,Destroyed,0,0.0,0,0,0,0,0,0,0,0,0,0
hurricane-harvey_00000451,2,Minor Damage,64029,6.106281280517578,38,4706,684,1684.9736842105262,1365.0,0,0,0,0,0
hurricane-harvey_00000451,3,Major Damage,187776,17.90771484375,126,5717,420,1490.2857142857142,1113.0,0,0,0,0,0
hurricane-harvey_00000451,4,Destroyed,0,0.0,0,0,0,0,0,0,0,0,0,0
socal-fire_00000979,2,Minor Damage,0,0.0,0,0,0,0,0,0,0,0,0,0
socal-fire_00000979,3,Major Damage,0,0.0,0,0,0,0,0,0,0,0,0,0
socal-fire_00000979,4,Destroyed,0,0.0,0,0,0,0,0,0,0,0,0,0
socal-fire_00001291,2,Minor Damage,0,0.0,0,0,0,0,0,0,0,0,0,0
socal-fire_00001291,3,Major Damage,0,0.0,0,0,0,0,0,0,0,0,0,0
socal-fire_00001291,4,Destroyed,1674,0.15964508056640625,1,1674,1674,1674.0,1674.0,0,0,0,0,0
hurricane-florence_00000042,2,Minor Damage,0,0.0,0,0,0,0,0,0,0,0,0,0
hurricane-florence_00000042,3,Major Damage,0,0.0,0,0,0,0,0,0,0,0,0,0
hurricane-florence_00000042,4,Destroyed,0,0.0,0,0,0,0,0,0,0,0,0,0
socal-fire_00000547,2,Minor Damage,0,0.0,0,0,0,0,0,0,0,0,0,0
socal-fire_00000547,3,Major Damage,0,0.0,0,0,0,0,0,0,0,0,0,0
socal-fire_00000547,4,Destroyed,0,0.0,0,0,0,0,0,0,0,0,0,0
santa-rosa-wildfire_00000003,2,Minor Damage,0,0.0,0,0,0,0,0,0,0,0,0,0
santa-rosa-wildfire_00000003,3,Major Damage,0,0.0,0,0,0,0,0,0,0,0,0,0
santa-rosa-wildfire_00000003,4,Destroyed,0,0.0,0,0,0,0,0,0,0,0,0,0
socal-fire_00000489,2,Minor Damage,0,0.0,0,0,0,0,0,0,0,0,0,0
socal-fire_00000489,3,Major Damage,0,0.0,0,0,0,0,0,0,0,0,0,0
socal-fire_00000489,4,Destroyed,640,0.06103515625,1,640,640,640.0,640.0,0,0,0,0,0
santa-rosa-wildfire_00000097,2,Minor Damage,0,0.0,0,0,0,0,0,0,0,0,0,0
santa-rosa-wildfire_00000097,3,Major Damage,0,0.0,0,0,0,0,0,0,0,0,0,0
santa-rosa-wildfire_00000097,4,Destroyed,5736,0.547027587890625,6,2025,233,956.0,770.0,0,0,0,0,0
socal-fire_00001245,2,Minor Damage,0,0.0,0,0,0,0,0,0,0,0,0,0
socal-fire_00001245,3,Major Damage,0,0.0,0,0,0,0,0,0,0,0,0,0
socal-fire_00001245,4,Destroyed,45402,4.329872131347656,22,15588,307,2063.7272727272725,1401.5,0,0,0,0,0
hurricane-michael_00000287,2,Minor Damage,35393,3.3753395080566406,30,3364,130,1179.7666666666667,876.0,0,0,0,0,0
hurricane-michael_00000287,3,Major Damage,43936,4.1900634765625,26,9306,400,1689.8461538461538,1039.5,0,0,0,0,0
hurricane-michael_00000287,4,Destroyed,0,0.0,0,0,0,0,0,0,0,0,0,0
hurricane-harvey_00000323,2,Minor Damage,0,0.0,0,0,0,0,0,0,0,0,0,0
hurricane-harvey_00000323,3,Major Damage,408,0.038909912109375,1,408,408,408.0,408.0,0,0,0,0,0
hurricane-harvey_00000323,4,Destroyed,0,0.0,0,0,0,0,0,0,0,0,0,0
midwest-flooding_00000018,2,Minor Damage,5559,0.5301475524902344,4,2140,1026,1389.75,1196.5,0,0,0,0,0
midwest-flooding_00000018,3,Major Damage,0,0.0,0,0,0,0,0,0,0,0,0,0
midwest-flooding_00000018,4,Destroyed,0,0.0,0,0,0,0,0,0,0,0,0,0
guatemala-volcano_00000024,2,Minor Damage,0,0.0,0,0,0,0,0,0,0,0,0,0
guatemala-volcano_00000024,3,Major Damage,0,0.0,0,0,0,0,0,0,0,0,0,0
guatemala-volcano_00000024,4,Destroyed,0,0.0,0,0,0,0,0,0,0,0,0,0
hurricane-florence_00000308,2,Minor Damage,1283,0.12235641479492188,2,777,506,641.5,641.5,0,0,0,0,0
hurricane-florence_00000308,3,Major Damage,0,0.0,0,0,0,0,0,0,0,0,0,0
hurricane-florence_00000308,4,Destroyed,0,0.0,0,0,0,0,0,0,0,0,0,0
hurricane-michael_00000377,2,Minor Damage,17447,1.6638755798339844,17,2450,505,1026.2941176470588,857.0,0,0,0,0,0
hurricane-michael_00000377,3,Major Damage,3388,0.3231048583984375,3,1827,570,1129.3333333333333,991.0,0,0,0,0,0
hurricane-michael_00000377,4,Destroyed,0,0.0,0,0,0,0,0,0,0,0,0,0
socal-fire_00001012,2,Minor Damage,0,0.0,0,0,0,0,0,0,0,0,0,0
socal-fire_00001012,3,Major Damage,0,0.0,0,0,0,0,0,0,0,0,0,0
socal-fire_00001012,4,Destroyed,0,0.0,0,0,0,0,0,0,0,0,0,0
hurricane-harvey_00000061,2,Minor Damage,0,0.0,0,0,0,0,0,0,0,0,0,0
hurricane-harvey_00000061,3,Major Damage,0,0.0,0,0,0,0,0,0,0,0,0,0
hurricane-harvey_00000061,4,Destroyed,0,0.0,0,0,0,0,0,0,0,0,0,0
hurricane-florence_00000347,2,Minor Damage,0,0.0,0,0,0,0,0,0,0,0,0,0
hurricane-florence_00000347,3,Major Damage,0,0.0,0,0,0,0,0,0,0,0,0,0
hurricane-florence_00000347,4,Destroyed,0,0.0,0,0,0,0,0,0,0,0,0,0
hurricane-michael_00000220,2,Minor Damage,36472,3.478240966796875,14,10064,401,2605.1428571428573,972.0,0,0,0,0,0
hurricane-michael_00000220,3,Major Damage,9781,0.9327888488769531,4,6766,621,2445.25,1197.0,0,0,0,0,0
hurricane-michael_00000220,4,Destroyed,0,0.0,0,0,0,0,0,0,0,0,0,0
socal-fire_00001129,2,Minor Damage,0,0.0,0,0,0,0,0,0,0,0,0,0
socal-fire_00001129,3,Major Damage,0,0.0,0,0,0,0,0,0,0,0,0,0
socal-fire_00001129,4,Destroyed,0,0.0,0,0,0,0,0,0,0,0,0,0
socal-fire_00000156,2,Minor Damage,0,0.0,0,0,0,0,0,0,0,0,0,0
socal-fire_00000156,3,Major Damage,0,0.0,0,0,0,0,0,0,0,0,0,0
socal-fire_00000156,4,Destroyed,0,0.0,0,0,0,0,0,0,0,0,0,0
hurricane-michael_00000300,2,Minor Damage,7804,0.7442474365234375,8,2752,470,975.5,716.0,0,0,0,0,0
hurricane-michael_00000300,3,Major Damage,22019,2.099895477294922,4,18234,820,5504.75,1482.5,0,0,0,0,0
hurricane-michael_00000300,4,Destroyed,10193,0.9720802307128906,4,6918,664,2548.25,1305.5,0,0,0,0,0
hurricane-matthew_00000295,2,Minor Damage,0,0.0,0,0,0,0,0,0,0,0,0,0
hurricane-matthew_00000295,3,Major Damage,0,0.0,0,0,0,0,0,0,0,0,0,0
hurricane-matthew_00000295,4,Destroyed,0,0.0,0,0,0,0,0,0,0,0,0,0
midwest-flooding_00000073,2,Minor Damage,0,0.0,0,0,0,0,0,0,0,0,0,0
midwest-flooding_00000073,3,Major Damage,0,0.0,0,0,0,0,0,0,0,0,0,0
midwest-flooding_00000073,4,Destroyed,0,0.0,0,0,0,0,0,0,0,0,0,0
hurricane-matthew_00000353,2,Minor Damage,1156,0.1102447509765625,5,384,136,231.2,232.0,0,0,0,0,0
hurricane-matthew_00000353,3,Major Damage,145,0.013828277587890625,1,145,145,145.0,145.0,0,0,0,0,0
hurricane-matthew_00000353,4,Destroyed,281,0.026798248291015625,1,281,281,281.0,281.0,0,0,0,0,0
hurricane-michael_00000415,2,Minor Damage,9839,0.9383201599121094,6,2790,405,1639.8333333333333,1734.0,0,0,0,0,0
hurricane-michael_00000415,3,Major Damage,8289,0.7905006408691406,6,1857,580,1381.5,1395.0,0,0,0,0,0
hurricane-michael_00000415,4,Destroyed,0,0.0,0,0,0,0,0,0,0,0,0,0
hurricane-michael_00000345,2,Minor Damage,3681,0.3510475158691406,4,1290,290,920.25,1050.5,0,0,0,0,0
hurricane-michael_00000345,3,Major Damage,1344,0.128173828125,1,1344,1344,1344.0,1344.0,0,0,0,0,0
hurricane-michael_00000345,4,Destroyed,0,0.0,0,0,0,0,0,0,0,0,0,0
socal-fire_00001353,2,Minor Damage,0,0.0,0,0,0,0,0,0,0,0,0,0
socal-fire_00001353,3,Major Damage,0,0.0,0,0,0,0,0,0,0,0,0,0
socal-fire_00001353,4,Destroyed,0,0.0,0,0,0,0,0,0,0,0,0,0
socal-fire_00001185,2,Minor Damage,0,0.0,0,0,0,0,0,0,0,0,0,0
socal-fire_00001185,3,Major Damage,0,0.0,0,0,0,0,0,0,0,0,0,0
socal-fire_00001185,4,Destroyed,261,0.024890899658203125,1,261,261,261.0,261.0,0,0,0,0,0
hurricane-harvey_00000159,2,Minor Damage,215680,20.56884765625,24,59906,885,8986.666666666666,1667.5,0,0,0,0,0
hurricane-harvey_00000159,3,Major Damage,82202,7.839393615722656,20,16206,710,4110.1,1884.5,0,0,0,0,0
hurricane-harvey_00000159,4,Destroyed,0,0.0,0,0,0,0,0,0,0,0,0,0
hurricane-harvey_00000220,2,Minor Damage,0,0.0,0,0,0,0,0,0,0,0,0,0
hurricane-harvey_00000220,3,Major Damage,0,0.0,0,0,0,0,0,0,0,0,0,0
hurricane-harvey_00000220,4,Destroyed,0,0.0,0,0,0,0,0,0,0,0,0,0
socal-fire_00001341,2,Minor Damage,0,0.0,0,0,0,0,0,0,0,0,0,0
socal-fire_00001341,3,Major Damage,0,0.0,0,0,0,0,0,0,0,0,0,0
socal-fire_00001341,4,Destroyed,0,0.0,0,0,0,0,0,0,0,0,0,0
hurricane-harvey_00000348,2,Minor Damage,0,0.0,0,0,0,0,0,0,0,0,0,0
hurricane-harvey_00000348,3,Major Damage,0,0.0,0,0,0,0,0,0,0,0,0,0
hurricane-harvey_00000348,4,Destroyed,0,0.0,0,0,0,0,0,0,0,0,0,0
hurricane-harvey_00000138,2,Minor Damage,167328,15.9576416015625,26,22650,2101,6435.692307692308,5370.5,0,0,0,0,0
hurricane-harvey_00000138,3,Major Damage,22113,2.1088600158691406,3,10416,4247,7371.0,7450.0,0,0,0,0,0
hurricane-harvey_00000138,4,Destroyed,0,0.0,0,0,0,0,0,0,0,0,0,0
hurricane-michael_00000537,2,Minor Damage,0,0.0,0,0,0,0,0,0,0,0,0,0
hurricane-michael_00000537,3,Major Damage,0,0.0,0,0,0,0,0,0,0,0,0,0
hurricane-michael_00000537,4,Destroyed,0,0.0,0,0,0,0,0,0,0,0,0,0
socal-fire_00000508,2,Minor Damage,0,0.0,0,0,0,0,0,0,0,0,0,0
socal-fire_00000508,3,Major Damage,0,0.0,0,0,0,0,0,0,0,0,0,0
socal-fire_00000508,4,Destroyed,0,0.0,0,0,0,0,0,0,0,0,0,0
hurricane-florence_00000027,2,Minor Damage,0,0.0,0,0,0,0,0,0,0,0,0,0
hurricane-florence_00000027,3,Major Damage,0,0.0,0,0,0,0,0,0,0,0,0,0
hurricane-florence_00000027,4,Destroyed,0,0.0,0,0,0,0,0,0,0,0,0,0
socal-fire_00000335,2,Minor Damage,0,0.0,0,0,0,0,0,0,0,0,0,0
socal-fire_00000335,3,Major Damage,0,0.0,0,0,0,0,0,0,0,0,0,0
socal-fire_00000335,4,Destroyed,0,0.0,0,0,0,0,0,0,0,0,0,0
mexico-earthquake_00000002,2,Minor Damage,0,0.0,0,0,0,0,0,0,0,0,0,0
mexico-earthquake_00000002,3,Major Damage,0,0.0,0,0,0,0,0,0,0,0,0,0
mexico-earthquake_00000002,4,Destroyed,0,0.0,0,0,0,0,0,0,0,0,0,0
socal-fire_00000429,2,Minor Damage,0,0.0,0,0,0,0,0,0,0,0,0,0
socal-fire_00000429,3,Major Damage,0,0.0,0,0,0,0,0,0,0,0,0,0
socal-fire_00000429,4,Destroyed,68,0.0064849853515625,1,68,68,68.0,68.0,0,0,0,0,0
socal-fire_00001083,2,Minor Damage,0,0.0,0,0,0,0,0,0,0,0,0,0
socal-fire_00001083,3,Major Damage,0,0.0,0,0,0,0,0,0,0,0,0,0
socal-fire_00001083,4,Destroyed,0,0.0,0,0,0,0,0,0,0,0,0,0
hurricane-harvey_00000508,2,Minor Damage,79493,7.581043243408203,58,4491,376,1370.5689655172414,1263.0,0,0,0,0,0
hurricane-harvey_00000508,3,Major Damage,105767,10.086727142333984,86,2663,90,1229.8488372093022,1192.5,0,0,0,0,0
hurricane-harvey_00000508,4,Destroyed,0,0.0,0,0,0,0,0,0,0,0,0,0
hurricane-michael_00000442,2,Minor Damage,572,0.0545501708984375,1,572,572,572.0,572.0,0,0,0,0,0
hurricane-michael_00000442,3,Major Damage,10054,0.9588241577148438,2,7764,2290,5027.0,5027.0,0,0,0,0,0
hurricane-michael_00000442,4,Destroyed,543,0.051784515380859375,2,434,109,271.5,271.5,0,0,0,0,0
midwest-flooding_00000237,2,Minor Damage,2184,0.208282470703125,1,2184,2184,2184.0,2184.0,0,0,0,0,0
midwest-flooding_00000237,3,Major Damage,0,0.0,0,0,0,0,0,0,0,0,0,0
midwest-flooding_00000237,4,Destroyed,0,0.0,0,0,0,0,0,0,0,0,0,0
hurricane-michael_00000174,2,Minor Damage,3888,0.37078857421875,3,2075,597,1296.0,1216.0,0,0,0,0,0
hurricane-michael_00000174,3,Major Damage,2242,0.21381378173828125,3,1981,85,747.3333333333334,176.0,0,0,0,0,0
hurricane-michael_00000174,4,Destroyed,0,0.0,0,0,0,0,0,0,0,0,0,0
hurricane-florence_00000454,2,Minor Damage,2548,0.2429962158203125,2,1442,1106,1274.0,1274.0,0,0,0,0,0
hurricane-florence_00000454,3,Major Damage,9792,0.933837890625,17,1444,57,576.0,527.0,0,0,0,0,0
hurricane-florence_00000454,4,Destroyed,0,0.0,0,0,0,0,0,0,0,0,0,0
midwest-flooding_00000113,2,Minor Damage,0,0.0,0,0,0,0,0,0,0,0,0,0
midwest-flooding_00000113,3,Major Damage,0,0.0,0,0,0,0,0,0,0,0,0,0
midwest-flooding_00000113,4,Destroyed,0,0.0,0,0,0,0,0,0,0,0,0,0
hurricane-harvey_00000335,2,Minor Damage,15157,1.4454841613769531,6,5762,180,2526.1666666666665,1799.5,0,0,0,0,0
hurricane-harvey_00000335,3,Major Damage,2071,0.19750595092773438,2,1786,285,1035.5,1035.5,0,0,0,0,0
hurricane-harvey_00000335,4,Destroyed,0,0.0,0,0,0,0,0,0,0,0,0,0
socal-fire_00000951,2,Minor Damage,0,0.0,0,0,0,0,0,0,0,0,0,0
socal-fire_00000951,3,Major Damage,0,0.0,0,0,0,0,0,0,0,0,0,0
socal-fire_00000951,4,Destroyed,0,0.0,0,0,0,0,0,0,0,0,0,0
socal-fire_00000160,2,Minor Damage,0,0.0,0,0,0,0,0,0,0,0,0,0
socal-fire_00000160,3,Major Damage,0,0.0,0,0,0,0,0,0,0,0,0,0
socal-fire_00000160,4,Destroyed,0,0.0,0,0,0,0,0,0,0,0,0,0
hurricane-matthew_00000369,2,Minor Damage,1070,0.10204315185546875,6,219,141,178.33333333333334,176.5,0,0,0,0,0
hurricane-matthew_00000369,3,Major Damage,1368,0.130462646484375,4,497,204,342.0,333.5,0,0,0,0,0
hurricane-matthew_00000369,4,Destroyed,1338,0.12760162353515625,4,564,115,334.5,329.5,0,0,0,0,0
socal-fire_00000389,2,Minor Damage,0,0.0,0,0,0,0,0,0,0,0,0,0
socal-fire_00000389,3,Major Damage,0,0.0,0,0,0,0,0,0,0,0,0,0
socal-fire_00000389,4,Destroyed,5189,0.4948616027832031,4,2266,91,1297.25,1416.0,0,0,0,0,0
hurricane-florence_00000482,2,Minor Damage,0,0.0,0,0,0,0,0,0,0,0,0,0
hurricane-florence_00000482,3,Major Damage,869,0.08287429809570312,4,343,139,217.25,193.5,0,0,0,0,0
hurricane-florence_00000482,4,Destroyed,0,0.0,0,0,0,0,0,0,0,0,0,0
hurricane-harvey_00000113,2,Minor Damage,371,0.035381317138671875,2,246,125,185.5,185.5,0,0,0,0,0
hurricane-harvey_00000113,3,Major Damage,439,0.041866302490234375,1,439,439,439.0,439.0,0,0,0,0,0
hurricane-harvey_00000113,4,Destroyed,0,0.0,0,0,0,0,0,0,0,0,0,0
socal-fire_00000564,2,Minor Damage,0,0.0,0,0,0,0,0,0,0,0,0,0
socal-fire_00000564,3,Major Damage,0,0.0,0,0,0,0,0,0,0,0,0,0
socal-fire_00000564,4,Destroyed,0,0.0,0,0,0,0,0,0,0,0,0,0
santa-rosa-wildfire_00000209,2,Minor Damage,2312,0.220489501953125,2,2117,195,1156.0,1156.0,0,0,0,0,0
santa-rosa-wildfire_00000209,3,Major Damage,0,0.0,0,0,0,0,0,0,0,0,0,0
santa-rosa-wildfire_00000209,4,Destroyed,18561,1.7701148986816406,24,2347,58,773.375,510.0,0,0,0,0,0
hurricane-florence_00000037,2,Minor Damage,0,0.0,0,0,0,0,0,0,0,0,0,0
hurricane-florence_00000037,3,Major Damage,0,0.0,0,0,0,0,0,0,0,0,0,0
hurricane-florence_00000037,4,Destroyed,0,0.0,0,0,0,0,0,0,0,0,0,0
hurricane-florence_00000477,2,Minor Damage,1286,0.12264251708984375,1,1286,1286,1286.0,1286.0,0,0,0,0,0
hurricane-florence_00000477,3,Major Damage,0,0.0,0,0,0,0,0,0,0,0,0,0
hurricane-florence_00000477,4,Destroyed,0,0.0,0,0,0,0,0,0,0,0,0,0
socal-fire_00000880,2,Minor Damage,0,0.0,0,0,0,0,0,0,0,0,0,0
socal-fire_00000880,3,Major Damage,0,0.0,0,0,0,0,0,0,0,0,0,0
socal-fire_00000880,4,Destroyed,0,0.0,0,0,0,0,0,0,0,0,0,0
santa-rosa-wildfire_00000199,2,Minor Damage,0,0.0,0,0,0,0,0,0,0,0,0,0
santa-rosa-wildfire_00000199,3,Major Damage,0,0.0,0,0,0,0,0,0,0,0,0,0
santa-rosa-wildfire_00000199,4,Destroyed,0,0.0,0,0,0,0,0,0,0,0,0,0
hurricane-michael_00000539,2,Minor Damage,0,0.0,0,0,0,0,0,0,0,0,0,0
hurricane-michael_00000539,3,Major Damage,2657,0.2533912658691406,1,2657,2657,2657.0,2657.0,0,0,0,0,0
hurricane-michael_00000539,4,Destroyed,0,0.0,0,0,0,0,0,0,0,0,0,0
hurricane-harvey_00000325,2,Minor Damage,0,0.0,0,0,0,0,0,0,0,0,0,0
hurricane-harvey_00000325,3,Major Damage,8325,0.7939338684082031,9,2757,73,925.0,878.0,0,0,0,0,0
hurricane-harvey_00000325,4,Destroyed,411,0.039196014404296875,1,411,411,411.0,411.0,0,0,0,0,0
midwest-flooding_00000418,2,Minor Damage,77,0.007343292236328125,1,77,77,77.0,77.0,0,0,0,0,0
midwest-flooding_00000418,3,Major Damage,0,0.0,0,0,0,0,0,0,0,0,0,0
midwest-flooding_00000418,4,Destroyed,0,0.0,0,0,0,0,0,0,0,0,0,0
hurricane-michael_00000306,2,Minor Damage,58629,5.591297149658203,61,6446,102,961.1311475409836,786.0,0,0,0,0,0
hurricane-michael_00000306,3,Major Damage,7542,0.7192611694335938,8,1781,378,942.75,790.0,0,0,0,0,0
hurricane-michael_00000306,4,Destroyed,6801,0.6485939025878906,6,3428,155,1133.5,735.0,0,0,0,0,0
hurricane-michael_00000137,2,Minor Damage,20314,1.9372940063476562,16,3327,430,1269.625,1053.5,0,0,0,0,0
hurricane-michael_00000137,3,Major Damage,11106,1.0591506958007812,8,3645,270,1388.25,1319.0,0,0,0,0,0
hurricane-michael_00000137,4,Destroyed,0,0.0,0,0,0,0,0,0,0,0,0,0
mexico-earthquake_00000075,2,Minor Damage,2005,0.19121170043945312,2,1044,961,1002.5,1002.5,0,0,0,0,0
mexico-earthquake_00000075,3,Major Damage,0,0.0,0,0,0,0,0,0,0,0,0,0
mexico-earthquake_00000075,4,Destroyed,0,0.0,0,0,0,0,0,0,0,0,0,0
hurricane-matthew_00000302,2,Minor Damage,26222,2.5007247924804688,49,2195,72,535.1428571428571,422.0,0,0,0,0,0
hurricane-matthew_00000302,3,Major Damage,24404,2.3273468017578125,45,2473,68,542.3111111111111,374.0,0,0,0,0,0
hurricane-matthew_00000302,4,Destroyed,1691,0.16126632690429688,7,409,165,241.57142857142858,186.0,0,0,0,0,0
hurricane-michael_00000283,2,Minor Damage,22422,2.1383285522460938,32,2124,99,700.6875,624.5,0,0,0,0,0
hurricane-michael_00000283,3,Major Damage,15620,1.4896392822265625,20,2003,208,781.0,608.0,0,0,0,0,0
hurricane-michael_00000283,4,Destroyed,6736,0.64239501953125,19,544,256,354.5263157894737,345.0,0,0,0,0,0
mexico-earthquake_00000088,2,Minor Damage,823,0.07848739624023438,1,823,823,823.0,823.0,0,0,0,0,0
mexico-earthquake_00000088,3,Major Damage,1167,0.11129379272460938,1,1167,1167,1167.0,1167.0,0,0,0,0,0
mexico-earthquake_00000088,4,Destroyed,0,0.0,0,0,0,0,0,0,0,0,0,0
socal-fire_00000286,2,Minor Damage,0,0.0,0,0,0,0,0,0,0,0,0,0
socal-fire_00000286,3,Major Damage,0,0.0,0,0,0,0,0,0,0,0,0,0
socal-fire_00000286,4,Destroyed,0,0.0,0,0,0,0,0,0,0,0,0,0
socal-fire_00000579,2,Minor Damage,0,0.0,0,0,0,0,0,0,0,0,0,0
socal-fire_00000579,3,Major Damage,0,0.0,0,0,0,0,0,0,0,0,0,0
socal-fire_00000579,4,Destroyed,0,0.0,0,0,0,0,0,0,0,0,0,0
socal-fire_00001229,2,Minor Damage,0,0.0,0,0,0,0,0,0,0,0,0,0
socal-fire_00001229,3,Major Damage,0,0.0,0,0,0,0,0,0,0,0,0,0
socal-fire_00001229,4,Destroyed,0,0.0,0,0,0,0,0,0,0,0,0,0
palu-tsunami_00000133,2,Minor Damage,0,0.0,0,0,0,0,0,0,0,0,0,0
palu-tsunami_00000133,3,Major Damage,0,0.0,0,0,0,0,0,0,0,0,0,0
palu-tsunami_00000133,4,Destroyed,561,0.053501129150390625,4,195,102,140.25,132.0,0,0,0,0,0
hurricane-florence_00000542,2,Minor Damage,0,0.0,0,0,0,0,0,0,0,0,0,0
hurricane-florence_00000542,3,Major Damage,0,0.0,0,0,0,0,0,0,0,0,0,0
hurricane-florence_00000542,4,Destroyed,0,0.0,0,0,0,0,0,0,0,0,0,0
hurricane-florence_00000275,2,Minor Damage,0,0.0,0,0,0,0,0,0,0,0,0,0
hurricane-florence_00000275,3,Major Damage,0,0.0,0,0,0,0,0,0,0,0,0,0
hurricane-florence_00000275,4,Destroyed,0,0.0,0,0,0,0,0,0,0,0,0,0
socal-fire_00000798,2,Minor Damage,0,0.0,0,0,0,0,0,0,0,0,0,0
socal-fire_00000798,3,Major Damage,0,0.0,0,0,0,0,0,0,0,0,0,0
socal-fire_00000798,4,Destroyed,0,0.0,0,0,0,0,0,0,0,0,0,0
socal-fire_00000668,2,Minor Damage,0,0.0,0,0,0,0,0,0,0,0,0,0
socal-fire_00000668,3,Major Damage,0,0.0,0,0,0,0,0,0,0,0,0,0
socal-fire_00000668,4,Destroyed,0,0.0,0,0,0,0,0,0,0,0,0,0
hurricane-michael_00000188,2,Minor Damage,32102,3.0614852905273438,29,3968,110,1106.9655172413793,954.0,0,0,0,0,0
hurricane-michael_00000188,3,Major Damage,16904,1.612091064453125,8,5698,606,2113.0,1895.5,0,0,0,0,0
hurricane-michael_00000188,4,Destroyed,206,0.01964569091796875,1,206,206,206.0,206.0,0,0,0,0,0
socal-fire_00000602,2,Minor Damage,0,0.0,0,0,0,0,0,0,0,0,0,0
socal-fire_00000602,3,Major Damage,0,0.0,0,0,0,0,0,0,0,0,0,0
socal-fire_00000602,4,Destroyed,0,0.0,0,0,0,0,0,0,0,0,0,0
hurricane-harvey_00000249,2,Minor Damage,0,0.0,0,0,0,0,0,0,0,0,0,0
hurricane-harvey_00000249,3,Major Damage,0,0.0,0,0,0,0,0,0,0,0,0,0
hurricane-harvey_00000249,4,Destroyed,0,0.0,0,0,0,0,0,0,0,0,0,0
palu-tsunami_00000026,2,Minor Damage,0,0.0,0,0,0,0,0,0,0,0,0,0
palu-tsunami_00000026,3,Major Damage,8150,0.7772445678710938,3,5104,1380,2716.6666666666665,1666.0,0,0,0,0,0
palu-tsunami_00000026,4,Destroyed,45394,4.329109191894531,20,21769,60,2269.7,303.5,0,0,0,0,0
hurricane-michael_00000109,2,Minor Damage,15408,1.46942138671875,10,2163,1081,1540.8,1478.0,0,0,0,0,0
hurricane-michael_00000109,3,Major Damage,0,0.0,0,0,0,0,0,0,0,0,0,0
hurricane-michael_00000109,4,Destroyed,0,0.0,0,0,0,0,0,0,0,0,0,0
hurricane-florence_00000451,2,Minor Damage,1578,0.15048980712890625,2,942,636,789.0,789.0,0,0,0,0,0
hurricane-florence_00000451,3,Major Damage,3817,0.3640174865722656,7,1040,70,545.2857142857143,499.0,0,0,0,0,0
hurricane-florence_00000451,4,Destroyed,0,0.0,0,0,0,0,0,0,0,0,0,0
socal-fire_00000807,2,Minor Damage,0,0.0,0,0,0,0,0,0,0,0,0,0
socal-fire_00000807,3,Major Damage,0,0.0,0,0,0,0,0,0,0,0,0,0
socal-fire_00000807,4,Destroyed,0,0.0,0,0,0,0,0,0,0,0,0,0
hurricane-florence_00000453,2,Minor Damage,0,0.0,0,0,0,0,0,0,0,0,0,0
hurricane-florence_00000453,3,Major Damage,3939,0.3756523132324219,8,864,104,492.375,463.0,0,0,0,0,0
hurricane-florence_00000453,4,Destroyed,0,0.0,0,0,0,0,0,0,0,0,0,0
hurricane-matthew_00000176,2,Minor Damage,923,0.08802413940429688,4,304,167,230.75,226.0,0,0,0,0,0
hurricane-matthew_00000176,3,Major Damage,771,0.07352828979492188,3,296,202,257.0,273.0,0,0,0,0,0
hurricane-matthew_00000176,4,Destroyed,2794,0.26645660400390625,12,329,79,232.83333333333334,269.0,0,0,0,0,0
hurricane-florence_00000529,2,Minor Damage,0,0.0,0,0,0,0,0,0,0,0,0,0
hurricane-florence_00000529,3,Major Damage,3651,0.3481864929199219,1,3651,3651,3651.0,3651.0,0,0,0,0,0
hurricane-florence_00000529,4,Destroyed,0,0.0,0,0,0,0,0,0,0,0,0,0
socal-fire_00000175,2,Minor Damage,0,0.0,0,0,0,0,0,0,0,0,0,0
socal-fire_00000175,3,Major Damage,0,0.0,0,0,0,0,0,0,0,0,0,0
socal-fire_00000175,4,Destroyed,0,0.0,0,0,0,0,0,0,0,0,0,0
hurricane-florence_00000387,2,Minor Damage,0,0.0,0,0,0,0,0,0,0,0,0,0
hurricane-florence_00000387,3,Major Damage,0,0.0,0,0,0,0,0,0,0,0,0,0
hurricane-florence_00000387,4,Destroyed,0,0.0,0,0,0,0,0,0,0,0,0,0
hurricane-harvey_00000506,2,Minor Damage,0,0.0,0,0,0,0,0,0,0,0,0,0
hurricane-harvey_00000506,3,Major Damage,102612,9.785842895507812,81,4244,164,1266.8148148148148,1230.0,0,0,0,0,0
hurricane-harvey_00000506,4,Destroyed,0,0.0,0,0,0,0,0,0,0,0,0,0
socal-fire_00000349,2,Minor Damage,0,0.0,0,0,0,0,0,0,0,0,0,0
socal-fire_00000349,3,Major Damage,0,0.0,0,0,0,0,0,0,0,0,0,0
socal-fire_00000349,4,Destroyed,0,0.0,0,0,0,0,0,0,0,0,0,0
socal-fire_00000126,2,Minor Damage,0,0.0,0,0,0,0,0,0,0,0,0,0
socal-fire_00000126,3,Major Damage,0,0.0,0,0,0,0,0,0,0,0,0,0
socal-fire_00000126,4,Destroyed,0,0.0,0,0,0,0,0,0,0,0,0,0
santa-rosa-wildfire_00000334,2,Minor Damage,0,0.0,0,0,0,0,0,0,0,0,0,0
santa-rosa-wildfire_00000334,3,Major Damage,0,0.0,0,0,0,0,0,0,0,0,0,0
santa-rosa-wildfire_00000334,4,Destroyed,0,0.0,0,0,0,0,0,0,0,0,0,0
socal-fire_00000705,2,Minor Damage,0,0.0,0,0,0,0,0,0,0,0,0,0
socal-fire_00000705,3,Major Damage,0,0.0,0,0,0,0,0,0,0,0,0,0
socal-fire_00000705,4,Destroyed,0,0.0,0,0,0,0,0,0,0,0,0,0
hurricane-florence_00000344,2,Minor Damage,3285,0.3132820129394531,4,1266,555,821.25,732.0,0,0,0,0,0
hurricane-florence_00000344,3,Major Damage,450,0.04291534423828125,1,450,450,450.0,450.0,0,0,0,0,0
hurricane-florence_00000344,4,Destroyed,0,0.0,0,0,0,0,0,0,0,0,0,0
hurricane-florence_00000389,2,Minor Damage,0,0.0,0,0,0,0,0,0,0,0,0,0
hurricane-florence_00000389,3,Major Damage,17210,1.6412734985351562,26,1882,69,661.9230769230769,630.5,0,0,0,0,0
hurricane-florence_00000389,4,Destroyed,0,0.0,0,0,0,0,0,0,0,0,0,0
mexico-earthquake_00000072,2,Minor Damage,0,0.0,0,0,0,0,0,0,0,0,0,0
mexico-earthquake_00000072,3,Major Damage,0,0.0,0,0,0,0,0,0,0,0,0,0
mexico-earthquake_00000072,4,Destroyed,0,0.0,0,0,0,0,0,0,0,0,0,0
hurricane-florence_00000408,2,Minor Damage,2508,0.2391815185546875,1,2508,2508,2508.0,2508.0,0,0,0,0,0
hurricane-florence_00000408,3,Major Damage,7097,0.6768226623535156,8,2327,202,887.125,696.0,0,0,0,0,0
hurricane-florence_00000408,4,Destroyed,0,0.0,0,0,0,0,0,0,0,0,0,0
socal-fire_00000420,2,Minor Damage,0,0.0,0,0,0,0,0,0,0,0,0,0
socal-fire_00000420,3,Major Damage,0,0.0,0,0,0,0,0,0,0,0,0,0
socal-fire_00000420,4,Destroyed,93,0.008869171142578125,2,49,44,46.5,46.5,0,0,0,0,2
socal-fire_00000669,2,Minor Damage,0,0.0,0,0,0,0,0,0,0,0,0,0
socal-fire_00000669,3,Major Damage,0,0.0,0,0,0,0,0,0,0,0,0,0
socal-fire_00000669,4,Destroyed,0,0.0,0,0,0,0,0,0,0,0,0,0
hurricane-florence_00000395,2,Minor Damage,0,0.0,0,0,0,0,0,0,0,0,0,0
hurricane-florence_00000395,3,Major Damage,17455,1.6646385192871094,19,3794,174,918.6842105263158,685.0,0,0,0,0,0
hurricane-florence_00000395,4,Destroyed,0,0.0,0,0,0,0,0,0,0,0,0,0
hurricane-matthew_00000400,2,Minor Damage,0,0.0,0,0,0,0,0,0,0,0,0,0
hurricane-matthew_00000400,3,Major Damage,5476,0.5222320556640625,14,965,212,391.14285714285717,356.5,0,0,0,0,0
hurricane-matthew_00000400,4,Destroyed,16372,1.5613555908203125,45,1304,122,363.8222222222222,308.0,0,0,0,0,0
hurricane-michael_00000519,2,Minor Damage,19061,1.8177986145019531,21,1620,219,907.6666666666666,921.0,0,0,0,0,0
hurricane-michael_00000519,3,Major Damage,10346,0.9866714477539062,9,1420,978,1149.5555555555557,1078.0,0,0,0,0,0
hurricane-michael_00000519,4,Destroyed,3606,0.34389495849609375,4,1716,175,901.5,857.5,0,0,0,0,0
hurricane-matthew_00000200,2,Minor Damage,146,0.01392364501953125,1,146,146,146.0,146.0,0,0,0,0,0
hurricane-matthew_00000200,3,Major Damage,408,0.038909912109375,2,206,202,204.0,204.0,0,0,0,0,0
hurricane-matthew_00000200,4,Destroyed,2609,0.24881362915039062,15,307,36,173.93333333333334,172.0,0,0,0,0,1
hurricane-harvey_00000492,2,Minor Damage,55502,5.293083190917969,5,45110,460,11100.4,3061.0,0,0,0,0,0
hurricane-harvey_00000492,3,Major Damage,28475,2.715587615966797,4,9791,2727,7118.75,7978.5,0,0,0,0,0
hurricane-harvey_00000492,4,Destroyed,0,0.0,0,0,0,0,0,0,0,0,0,0
socal-fire_00000028,2,Minor Damage,0,0.0,0,0,0,0,0,0,0,0,0,0
socal-fire_00000028,3,Major Damage,0,0.0,0,0,0,0,0,0,0,0,0,0
socal-fire_00000028,4,Destroyed,0,0.0,0,0,0,0,0,0,0,0,0,0
socal-fire_00000516,2,Minor Damage,0,0.0,0,0,0,0,0,0,0,0,0,0
socal-fire_00000516,3,Major Damage,0,0.0,0,0,0,0,0,0,0,0,0,0
socal-fire_00000516,4,Destroyed,2072,0.197601318359375,7,825,54,296.0,90.0,0,0,0,0,0
palu-tsunami_00000164,2,Minor Damage,0,0.0,0,0,0,0,0,0,0,0,0,0
palu-tsunami_00000164,3,Major Damage,18989,1.8109321594238281,11,5536,296,1726.2727272727273,1105.0,0,0,0,0,0
palu-tsunami_00000164,4,Destroyed,13692,1.3057708740234375,6,8597,168,2282.0,512.0,0,0,0,0,0
hurricane-michael_00000443,2,Minor Damage,34353,3.2761573791503906,29,1722,343,1184.5862068965516,1195.0,0,0,0,0,0
hurricane-michael_00000443,3,Major Damage,6032,0.57525634765625,5,1615,850,1206.4,1089.0,0,0,0,0,0
hurricane-michael_00000443,4,Destroyed,650,0.06198883056640625,1,650,650,650.0,650.0,0,0,0,0,0
santa-rosa-wildfire_00000182,2,Minor Damage,0,0.0,0,0,0,0,0,0,0,0,0,0
santa-rosa-wildfire_00000182,3,Major Damage,0,0.0,0,0,0,0,0,0,0,0,0,0
santa-rosa-wildfire_00000182,4,Destroyed,0,0.0,0,0,0,0,0,0,0,0,0,0
